{"version": "1", "message": "ERROR: Hidden Testcases server unreachable.", "problem_id": "ads2_m2_a1_1", "user_id": "harinath1314", "score": {"sample": {"0": {"execution_time": 0.25397491455078125, "passed": false}, "1": {"execution_time": 0.22864985466003418, "passed": false}, "2": {"execution_time": 0.22674107551574707, "passed": false}, "3": {"execution_time": 0.22540593147277832, "passed": false}, "4": {"execution_time": 0.23988676071166992, "passed": false}, "5": {"execution_time": 0.25293993949890137, "passed": false}, "6": {"execution_time": 0.261934757232666, "passed": false}, "7": {"execution_time": 0.28641700744628906, "passed": false}, "8": {"execution_time": 0.24904179573059082, "passed": false}, "9": {"execution_time": 0.24083518981933594, "passed": false}, "10": {"execution_time": 0.2833981513977051, "passed": false}, "11": {"execution_time": 0.2422499656677246, "passed": false}, "12": {"execution_time": 0.26893115043640137, "passed": false}, "13": {"execution_time": 0.2600741386413574, "passed": false}, "14": {"execution_time": 0.2353990077972412, "passed": false}, "15": {"execution_time": 0.25307297706604004, "passed": false}, "16": {"execution_time": 0.24862003326416016, "passed": false}, "17": {"execution_time": 0.30476999282836914, "passed": false}, "18": {"execution_time": 0.30589985847473145, "passed": false}, "19": {"execution_time": 0.3026292324066162, "passed": false}, "20": {"execution_time": 0.3281850814819336, "passed": false}, "21": {"execution_time": 0.253587007522583, "passed": false}, "22": {"execution_time": 0.3500800132751465, "passed": false}, "23": {"execution_time": 0.3704710006713867, "passed": false}}}, "check_style_score": "1/1"}