{"version": "1", "message": "ERROR: Hidden Testcases server unreachable.", "problem_id": "ads2_m2_a1_1", "user_id": "harinath1314", "score": {"sample": {"0": {"execution_time": 0.2526850700378418, "passed": false}, "1": {"execution_time": 0.22535300254821777, "passed": false}, "2": {"execution_time": 0.2246570587158203, "passed": false}, "3": {"execution_time": 0.24430108070373535, "passed": false}, "4": {"execution_time": 0.2303311824798584, "passed": false}, "5": {"execution_time": 0.2281649112701416, "passed": false}, "6": {"execution_time": 0.22211718559265137, "passed": false}, "7": {"execution_time": 0.22373199462890625, "passed": false}, "8": {"execution_time": 0.23759078979492188, "passed": false}, "9": {"execution_time": 0.23067212104797363, "passed": false}, "10": {"execution_time": 0.22313904762268066, "passed": false}, "11": {"execution_time": 0.2267928123474121, "passed": false}, "12": {"execution_time": 0.23041892051696777, "passed": false}, "13": {"execution_time": 0.2250199317932129, "passed": false}, "14": {"execution_time": 0.2235867977142334, "passed": false}, "15": {"execution_time": 0.24984192848205566, "passed": false}, "16": {"execution_time": 0.2249760627746582, "passed": false}, "17": {"execution_time": 0.22490334510803223, "passed": false}, "18": {"execution_time": 0.24926424026489258, "passed": false}, "19": {"execution_time": 0.22589707374572754, "passed": false}, "20": {"execution_time": 0.22684907913208008, "passed": false}, "21": {"execution_time": 0.22107601165771484, "passed": false}, "22": {"execution_time": 0.2223949432373047, "passed": false}, "23": {"execution_time": 0.22869300842285156, "passed": false}}}, "check_style_score": "0/1"}