{"version": "1", "message": "ERROR: Hidden Testcases server unreachable.", "problem_id": "ads2_m2_a1_1", "user_id": "harinath1314", "score": {"sample": {"0": {"execution_time": 0.25122809410095215, "passed": true}, "1": {"execution_time": 0.2242131233215332, "passed": true}, "2": {"execution_time": 0.22189903259277344, "passed": true}, "3": {"execution_time": 0.22864913940429688, "passed": true}, "4": {"execution_time": 0.2235240936279297, "passed": true}, "5": {"execution_time": 0.22997808456420898, "passed": true}, "6": {"execution_time": 0.22864699363708496, "passed": true}, "7": {"execution_time": 0.23202109336853027, "passed": true}, "8": {"execution_time": 0.2320079803466797, "passed": true}, "9": {"execution_time": 0.226212739944458, "passed": true}, "10": {"execution_time": 0.22129297256469727, "passed": true}, "11": {"execution_time": 0.2238309383392334, "passed": true}, "12": {"execution_time": 0.22612524032592773, "passed": true}, "13": {"execution_time": 0.22803497314453125, "passed": true}, "14": {"execution_time": 0.23500418663024902, "passed": true}, "15": {"execution_time": 0.25803494453430176, "passed": true}, "16": {"execution_time": 0.2548050880432129, "passed": true}, "17": {"execution_time": 0.30042004585266113, "passed": true}, "18": {"execution_time": 0.2783548831939697, "passed": true}, "19": {"execution_time": 0.31615686416625977, "passed": true}, "20": {"execution_time": 0.3124229907989502, "passed": true}, "21": {"execution_time": 0.23260116577148438, "passed": true}, "22": {"execution_time": 0.3402087688446045, "passed": true}, "23": {"execution_time": 0.34315919876098633, "passed": true}}}, "check_style_score": "0/1"}