{"version": "1", "message": "ERROR: Hidden Testcases server unreachable.", "problem_id": "ads2_m2_a1_1", "user_id": "harinath1314", "score": {"sample": {"0": {"execution_time": 0.2592000961303711, "passed": true}, "1": {"execution_time": 0.2221219539642334, "passed": true}, "2": {"execution_time": 0.22029900550842285, "passed": true}, "3": {"execution_time": 0.22471189498901367, "passed": true}, "4": {"execution_time": 0.24058318138122559, "passed": true}, "5": {"execution_time": 0.227675199508667, "passed": true}, "6": {"execution_time": 0.2227160930633545, "passed": true}, "7": {"execution_time": 0.22052669525146484, "passed": true}, "8": {"execution_time": 0.24639487266540527, "passed": true}, "9": {"execution_time": 0.22999882698059082, "passed": true}, "10": {"execution_time": 0.22308135032653809, "passed": true}, "11": {"execution_time": 0.2285921573638916, "passed": true}, "12": {"execution_time": 0.24129486083984375, "passed": true}, "13": {"execution_time": 0.2245190143585205, "passed": true}, "14": {"execution_time": 0.2266368865966797, "passed": true}, "15": {"execution_time": 0.2476332187652588, "passed": true}, "16": {"execution_time": 0.2511270046234131, "passed": true}, "17": {"execution_time": 0.27959704399108887, "passed": true}, "18": {"execution_time": 0.2631492614746094, "passed": true}, "19": {"execution_time": 0.28142833709716797, "passed": true}, "20": {"execution_time": 0.3015708923339844, "passed": true}, "21": {"execution_time": 0.2392711639404297, "passed": true}, "22": {"execution_time": 0.338303804397583, "passed": true}, "23": {"execution_time": 0.32682013511657715, "passed": true}}}, "check_style_score": "0/1"}