{"version": "1", "message": "ERROR: Hidden Testcases server unreachable.", "problem_id": "ads2_m2_a1_1", "user_id": "harinath1314", "score": {"sample": {"0": {"execution_time": 0.26010823249816895, "passed": true}, "1": {"execution_time": 0.23099017143249512, "passed": true}, "2": {"execution_time": 0.2214069366455078, "passed": true}, "3": {"execution_time": 0.2238612174987793, "passed": true}, "4": {"execution_time": 0.2302110195159912, "passed": true}, "5": {"execution_time": 0.22939491271972656, "passed": true}, "6": {"execution_time": 0.22324895858764648, "passed": true}, "7": {"execution_time": 0.22257709503173828, "passed": true}, "8": {"execution_time": 0.22693896293640137, "passed": true}, "9": {"execution_time": 0.22837567329406738, "passed": true}, "10": {"execution_time": 0.23312091827392578, "passed": true}, "11": {"execution_time": 0.2276921272277832, "passed": true}, "12": {"execution_time": 0.2233872413635254, "passed": true}, "13": {"execution_time": 0.23180103302001953, "passed": true}, "14": {"execution_time": 0.23566675186157227, "passed": true}, "15": {"execution_time": 0.2511417865753174, "passed": true}, "16": {"execution_time": 0.261340856552124, "passed": true}, "17": {"execution_time": 0.30460166931152344, "passed": true}, "18": {"execution_time": 0.2782168388366699, "passed": true}, "19": {"execution_time": 0.301455020904541, "passed": true}, "20": {"execution_time": 0.3176839351654053, "passed": true}, "21": {"execution_time": 0.23687028884887695, "passed": true}, "22": {"execution_time": 0.32909226417541504, "passed": true}, "23": {"execution_time": 0.3533151149749756, "passed": true}}}, "check_style_score": "0/1"}