{"version": "1", "message": "ERROR: Hidden Testcases server unreachable.", "problem_id": "ads2_m2_a1_1", "user_id": "harinath1314", "score": {"sample": {"0": {"execution_time": 0.22203874588012695, "passed": true}, "1": {"execution_time": 0.2245340347290039, "passed": true}, "2": {"execution_time": 0.2254199981689453, "passed": false}, "3": {"execution_time": 0.22221589088439941, "passed": true}, "4": {"execution_time": 0.22530198097229004, "passed": false}, "5": {"execution_time": 0.24276423454284668, "passed": true}, "6": {"execution_time": 0.22387194633483887, "passed": false}, "7": {"execution_time": 0.2297680377960205, "passed": false}, "8": {"execution_time": 0.2257540225982666, "passed": false}, "9": {"execution_time": 0.23749923706054688, "passed": false}, "10": {"execution_time": 0.22531771659851074, "passed": false}, "11": {"execution_time": 0.22295188903808594, "passed": false}, "12": {"execution_time": 0.2292499542236328, "passed": false}, "13": {"execution_time": 0.2348921298980713, "passed": true}, "14": {"execution_time": 0.25081610679626465, "passed": false}, "15": {"execution_time": 0.2214188575744629, "passed": true}, "16": {"execution_time": 0.23656225204467773, "passed": false}, "17": {"execution_time": 0.22402572631835938, "passed": false}, "18": {"execution_time": 0.2277519702911377, "passed": false}, "19": {"execution_time": 0.22505593299865723, "passed": false}, "20": {"execution_time": 0.2260117530822754, "passed": false}, "21": {"execution_time": 0.2209300994873047, "passed": false}, "22": {"execution_time": 0.2284088134765625, "passed": false}, "23": {"execution_time": 0.2357008457183838, "passed": false}}}, "check_style_score": "0/1"}