{"version": "1", "message": "ERROR: Hidden Testcases server unreachable.", "problem_id": "ads2_m2_a1_1", "user_id": "harinath1314", "score": {"sample": {"0": {"execution_time": 0.27549171447753906, "passed": true}, "1": {"execution_time": 0.25197696685791016, "passed": true}, "2": {"execution_time": 0.22760295867919922, "passed": true}, "3": {"execution_time": 0.22253203392028809, "passed": true}, "4": {"execution_time": 0.22178292274475098, "passed": true}, "5": {"execution_time": 0.22905397415161133, "passed": true}, "6": {"execution_time": 0.2207469940185547, "passed": true}, "7": {"execution_time": 0.2231278419494629, "passed": true}, "8": {"execution_time": 0.22595500946044922, "passed": true}, "9": {"execution_time": 0.22497892379760742, "passed": true}, "10": {"execution_time": 0.22347688674926758, "passed": true}, "11": {"execution_time": 0.23270320892333984, "passed": true}, "12": {"execution_time": 0.22653484344482422, "passed": true}, "13": {"execution_time": 0.24009990692138672, "passed": true}, "14": {"execution_time": 0.22736310958862305, "passed": true}, "15": {"execution_time": 0.25246691703796387, "passed": true}, "16": {"execution_time": 0.2673370838165283, "passed": true}, "17": {"execution_time": 0.2806971073150635, "passed": true}, "18": {"execution_time": 0.2714219093322754, "passed": true}, "19": {"execution_time": 0.3069801330566406, "passed": true}, "20": {"execution_time": 0.31607913970947266, "passed": true}, "21": {"execution_time": 0.23010778427124023, "passed": true}, "22": {"execution_time": 0.3354990482330322, "passed": true}, "23": {"execution_time": 0.3385448455810547, "passed": true}}}, "check_style_score": "0/1"}