{"version": "1", "message": "ERROR: Hidden Testcases server unreachable.", "problem_id": "ads2_m2_a1_1", "user_id": "harinath1314", "score": {"sample": {"0": {"execution_time": 0.2463369369506836, "passed": false}, "1": {"execution_time": 0.2238011360168457, "passed": false}, "2": {"execution_time": 0.22706079483032227, "passed": false}, "3": {"execution_time": 0.22446680068969727, "passed": false}, "4": {"execution_time": 0.2227940559387207, "passed": false}, "5": {"execution_time": 0.22773289680480957, "passed": false}, "6": {"execution_time": 0.22305822372436523, "passed": false}, "7": {"execution_time": 0.2211298942565918, "passed": false}, "8": {"execution_time": 0.22227716445922852, "passed": false}, "9": {"execution_time": 0.22185993194580078, "passed": false}, "10": {"execution_time": 0.22584795951843262, "passed": false}, "11": {"execution_time": 0.23143601417541504, "passed": false}, "12": {"execution_time": 0.22348690032958984, "passed": false}, "13": {"execution_time": 0.2287731170654297, "passed": false}, "14": {"execution_time": 0.22298598289489746, "passed": false}, "15": {"execution_time": 0.24875712394714355, "passed": false}, "16": {"execution_time": 0.22920799255371094, "passed": false}, "17": {"execution_time": 0.2274160385131836, "passed": false}, "18": {"execution_time": 0.24808192253112793, "passed": false}, "19": {"execution_time": 0.22367382049560547, "passed": false}, "20": {"execution_time": 0.22077178955078125, "passed": false}, "21": {"execution_time": 0.22891616821289062, "passed": false}, "22": {"execution_time": 0.22395801544189453, "passed": false}, "23": {"execution_time": 0.2237708568572998, "passed": false}}}, "check_style_score": "0/1"}