{"version": "1", "message": "ERROR: Hidden Testcases server unreachable.", "problem_id": "ads2_m2_a1_1", "user_id": "harinath1314", "score": {"sample": {"0": {"execution_time": 0.24214482307434082, "passed": false}, "1": {"execution_time": 0.23138999938964844, "passed": false}, "2": {"execution_time": 0.22472810745239258, "passed": true}, "3": {"execution_time": 0.228560209274292, "passed": false}, "4": {"execution_time": 0.22190380096435547, "passed": true}, "5": {"execution_time": 0.22362804412841797, "passed": false}, "6": {"execution_time": 0.2288219928741455, "passed": true}, "7": {"execution_time": 0.22143197059631348, "passed": true}, "8": {"execution_time": 0.2382981777191162, "passed": true}, "9": {"execution_time": 0.23346400260925293, "passed": true}, "10": {"execution_time": 0.22007298469543457, "passed": true}, "11": {"execution_time": 0.2244729995727539, "passed": true}, "12": {"execution_time": 0.2269730567932129, "passed": true}, "13": {"execution_time": 0.23285412788391113, "passed": false}, "14": {"execution_time": 0.2250969409942627, "passed": true}, "15": {"execution_time": 0.23075079917907715, "passed": false}, "16": {"execution_time": 0.26958489418029785, "passed": true}, "17": {"execution_time": 0.2848818302154541, "passed": true}, "18": {"execution_time": 0.2711648941040039, "passed": true}, "19": {"execution_time": 0.23826909065246582, "passed": true}, "20": {"execution_time": 0.22852015495300293, "passed": true}, "21": {"execution_time": 0.22344517707824707, "passed": true}, "22": {"execution_time": 0.22923874855041504, "passed": true}, "23": {"execution_time": 0.24111080169677734, "passed": true}}}, "check_style_score": "0/1"}