{"version": "1", "message": "ERROR: Hidden Testcases server unreachable.", "problem_id": "ads2_m2_a1_1", "user_id": "harinath1314", "score": {"sample": {"0": {"execution_time": 0.2650880813598633, "passed": false}, "1": {"execution_time": 0.22374892234802246, "passed": false}, "2": {"execution_time": 0.2294769287109375, "passed": false}, "3": {"execution_time": 0.23785090446472168, "passed": false}, "4": {"execution_time": 0.2260138988494873, "passed": false}, "5": {"execution_time": 0.22286105155944824, "passed": false}, "6": {"execution_time": 0.22484564781188965, "passed": false}, "7": {"execution_time": 0.23015379905700684, "passed": false}, "8": {"execution_time": 0.22332286834716797, "passed": false}, "9": {"execution_time": 0.22318196296691895, "passed": false}, "10": {"execution_time": 0.23293209075927734, "passed": false}, "11": {"execution_time": 0.22742795944213867, "passed": false}, "12": {"execution_time": 0.22321486473083496, "passed": false}, "13": {"execution_time": 0.2250361442565918, "passed": false}, "14": {"execution_time": 0.2256629467010498, "passed": false}, "15": {"execution_time": 0.24714016914367676, "passed": false}, "16": {"execution_time": 0.25685906410217285, "passed": false}, "17": {"execution_time": 0.28694677352905273, "passed": false}, "18": {"execution_time": 0.26450514793395996, "passed": false}, "19": {"execution_time": 0.2932417392730713, "passed": false}, "20": {"execution_time": 0.3020327091217041, "passed": false}, "21": {"execution_time": 0.23569583892822266, "passed": false}, "22": {"execution_time": 0.3156259059906006, "passed": false}, "23": {"execution_time": 0.3151249885559082, "passed": false}}}, "check_style_score": "0/1"}