{"version": "1", "message": "ERROR: Hidden Testcases server unreachable.", "problem_id": "ads2_m2_a1_1", "user_id": "harinath1314", "score": {"sample": {"0": {"execution_time": 0.2481551170349121, "passed": false}, "1": {"execution_time": 0.22570204734802246, "passed": false}, "2": {"execution_time": 0.23184728622436523, "passed": false}, "3": {"execution_time": 0.2340259552001953, "passed": false}, "4": {"execution_time": 0.22476625442504883, "passed": false}, "5": {"execution_time": 0.2282412052154541, "passed": false}, "6": {"execution_time": 0.22141814231872559, "passed": false}, "7": {"execution_time": 0.22629809379577637, "passed": false}, "8": {"execution_time": 0.22414302825927734, "passed": false}, "9": {"execution_time": 0.22879600524902344, "passed": false}, "10": {"execution_time": 0.22245407104492188, "passed": false}, "11": {"execution_time": 0.22345209121704102, "passed": false}, "12": {"execution_time": 0.2220170497894287, "passed": false}, "13": {"execution_time": 0.2298440933227539, "passed": false}, "14": {"execution_time": 0.22632813453674316, "passed": false}, "15": {"execution_time": 0.2519230842590332, "passed": false}, "16": {"execution_time": 0.2231309413909912, "passed": false}, "17": {"execution_time": 0.22723913192749023, "passed": false}, "18": {"execution_time": 0.2573423385620117, "passed": false}, "19": {"execution_time": 0.22141814231872559, "passed": false}, "20": {"execution_time": 0.22148895263671875, "passed": false}, "21": {"execution_time": 0.2294931411743164, "passed": false}, "22": {"execution_time": 0.2257237434387207, "passed": false}, "23": {"execution_time": 0.22429418563842773, "passed": false}}}, "check_style_score": "0/1"}