{"version": "1", "message": "ERROR: Hidden Testcases server unreachable.", "problem_id": "ads2_m2_a1_1", "user_id": "harinath1314", "score": {"sample": {"0": {"execution_time": 0.2676689624786377, "passed": true}, "1": {"execution_time": 0.24270224571228027, "passed": true}, "2": {"execution_time": 0.23085689544677734, "passed": true}, "3": {"execution_time": 0.2270190715789795, "passed": true}, "4": {"execution_time": 0.23273515701293945, "passed": true}, "5": {"execution_time": 0.22439193725585938, "passed": true}, "6": {"execution_time": 0.2247178554534912, "passed": true}, "7": {"execution_time": 0.22406911849975586, "passed": true}, "8": {"execution_time": 0.2250990867614746, "passed": true}, "9": {"execution_time": 0.23350286483764648, "passed": true}, "10": {"execution_time": 0.22314906120300293, "passed": true}, "11": {"execution_time": 0.23031282424926758, "passed": true}, "12": {"execution_time": 0.2300281524658203, "passed": true}, "13": {"execution_time": 0.23348784446716309, "passed": true}, "14": {"execution_time": 0.23689603805541992, "passed": true}, "15": {"execution_time": 0.2516591548919678, "passed": true}, "16": {"execution_time": 0.2614140510559082, "passed": true}, "17": {"execution_time": 0.29844212532043457, "passed": true}, "18": {"execution_time": 0.2800178527832031, "passed": true}, "19": {"execution_time": 0.306973934173584, "passed": true}, "20": {"execution_time": 0.3103768825531006, "passed": true}, "21": {"execution_time": 0.23271512985229492, "passed": true}, "22": {"execution_time": 0.333751916885376, "passed": true}, "23": {"execution_time": 0.3414919376373291, "passed": true}}}, "check_style_score": "0/1"}