{"version": "1", "message": "ERROR: Hidden Testcases server unreachable.", "problem_id": "ads2_m2_a1_1", "user_id": "harinath1314", "score": {"sample": {"0": {"execution_time": 0.2612588405609131, "passed": false}, "1": {"execution_time": 0.23656392097473145, "passed": false}, "2": {"execution_time": 0.23095011711120605, "passed": false}, "3": {"execution_time": 0.22876501083374023, "passed": false}, "4": {"execution_time": 0.22742986679077148, "passed": false}, "5": {"execution_time": 0.22764015197753906, "passed": false}, "6": {"execution_time": 0.2297229766845703, "passed": false}, "7": {"execution_time": 0.22852206230163574, "passed": false}, "8": {"execution_time": 0.22594094276428223, "passed": false}, "9": {"execution_time": 0.22953391075134277, "passed": false}, "10": {"execution_time": 0.22799992561340332, "passed": false}, "11": {"execution_time": 0.2251110076904297, "passed": false}, "12": {"execution_time": 0.2265760898590088, "passed": false}, "13": {"execution_time": 0.2291879653930664, "passed": false}, "14": {"execution_time": 0.23245620727539062, "passed": false}, "15": {"execution_time": 0.2525210380554199, "passed": false}, "16": {"execution_time": 0.2931051254272461, "passed": false}, "17": {"execution_time": 0.3661971092224121, "passed": false}, "18": {"execution_time": 0.3081700801849365, "passed": false}, "19": {"execution_time": 0.3197519779205322, "passed": false}, "20": {"execution_time": 0.38663601875305176, "passed": false}, "21": {"execution_time": 0.2729659080505371, "passed": false}, "22": {"execution_time": 0.3653109073638916, "passed": false}, "23": {"execution_time": 0.31362295150756836, "passed": false}}}, "check_style_score": "0/1"}