{"version": "1", "message": "ERROR: Hidden Testcases server unreachable.", "problem_id": "ads2_m2_a1_1", "user_id": "harinath1314", "score": {"sample": {"0": {"execution_time": 0.2624549865722656, "passed": true}, "1": {"execution_time": 0.2336719036102295, "passed": true}, "2": {"execution_time": 0.2733428478240967, "passed": true}, "3": {"execution_time": 0.27840495109558105, "passed": true}, "4": {"execution_time": 0.2447807788848877, "passed": true}, "5": {"execution_time": 0.24367928504943848, "passed": true}, "6": {"execution_time": 0.2782769203186035, "passed": true}, "7": {"execution_time": 0.23114514350891113, "passed": true}, "8": {"execution_time": 0.23905515670776367, "passed": true}, "9": {"execution_time": 0.27713704109191895, "passed": true}, "10": {"execution_time": 0.24607110023498535, "passed": true}, "11": {"execution_time": 0.24021506309509277, "passed": true}, "12": {"execution_time": 0.2465190887451172, "passed": true}, "13": {"execution_time": 0.24051403999328613, "passed": true}, "14": {"execution_time": 0.23174095153808594, "passed": true}, "15": {"execution_time": 0.2811551094055176, "passed": true}, "16": {"execution_time": 0.27753376960754395, "passed": true}, "17": {"execution_time": 0.31256890296936035, "passed": true}, "18": {"execution_time": 0.30750083923339844, "passed": true}, "19": {"execution_time": 0.3302772045135498, "passed": true}, "20": {"execution_time": 0.3329498767852783, "passed": true}, "21": {"execution_time": 0.24630498886108398, "passed": true}, "22": {"execution_time": 0.40817904472351074, "passed": true}, "23": {"execution_time": 0.40320897102355957, "passed": true}}}, "check_style_score": "1/1"}