{"version": "1", "message": "ERROR: Hidden Testcases server unreachable.", "problem_id": "ads2_m2_a1_1", "user_id": "harinath1314", "score": {"sample": {"0": {"execution_time": 0.26953911781311035, "passed": false}, "1": {"execution_time": 0.23184680938720703, "passed": false}, "2": {"execution_time": 0.22429990768432617, "passed": false}, "3": {"execution_time": 0.22388792037963867, "passed": true}, "4": {"execution_time": 0.2250988483428955, "passed": false}, "5": {"execution_time": 0.270719051361084, "passed": false}, "6": {"execution_time": 0.23137617111206055, "passed": false}, "7": {"execution_time": 0.23064804077148438, "passed": false}, "8": {"execution_time": 0.2252812385559082, "passed": false}, "9": {"execution_time": 0.23093795776367188, "passed": false}, "10": {"execution_time": 0.23668503761291504, "passed": false}, "11": {"execution_time": 0.23159193992614746, "passed": false}, "12": {"execution_time": 0.22610926628112793, "passed": false}, "13": {"execution_time": 0.22683095932006836, "passed": false}, "14": {"execution_time": 0.24274873733520508, "passed": false}, "15": {"execution_time": 0.26748108863830566, "passed": false}, "16": {"execution_time": 0.25070691108703613, "passed": false}, "17": {"execution_time": 0.2892909049987793, "passed": false}, "18": {"execution_time": 0.26709580421447754, "passed": false}, "19": {"execution_time": 0.29053807258605957, "passed": false}, "20": {"execution_time": 0.2957329750061035, "passed": false}, "21": {"execution_time": 0.2260730266571045, "passed": false}, "22": {"execution_time": 0.3139078617095947, "passed": false}, "23": {"execution_time": 0.3295440673828125, "passed": false}}}, "check_style_score": "0/1"}