{"version": "1", "message": "ERROR: Hidden Testcases server unreachable.", "problem_id": "ads2_m16_a1_1", "user_id": "madhurimukund97", "score": {"sample": {"0": {"execution_time": 0.3372364044189453, "passed": true}, "1": {"execution_time": 0.3838329315185547, "passed": true}, "2": {"execution_time": 1.6230623722076416, "passed": true}, "3": {"execution_time": 1.5912330150604248, "passed": true}, "4": {"execution_time": 1.6052541732788086, "passed": true}, "5": {"execution_time": 1.6192543506622314, "passed": true}, "6": {"execution_time": 1.5853779315948486, "passed": true}, "7": {"execution_time": 1.6099612712860107, "passed": true}, "8": {"execution_time": 0.4638504981994629, "passed": true}, "9": {"execution_time": 1.5953283309936523, "passed": true}, "10": {"execution_time": 1.5886259078979492, "passed": true}, "11": {"execution_time": 4.647671222686768, "passed": true}, "12": {"execution_time": 1.6704823970794678, "passed": true}, "13": {"execution_time": 0.2894461154937744, "passed": true}, "14": {"execution_time": 1.616497278213501, "passed": true}, "15": {"execution_time": 1.6223034858703613, "passed": true}, "16": {"execution_time": 0.41532158851623535, "passed": true}, "17": {"execution_time": 0.4146914482116699, "passed": true}, "18": {"execution_time": 0.45390987396240234, "passed": true}, "19": {"execution_time": 0.4611506462097168, "passed": true}, "20": {"execution_time": 0.4658825397491455, "passed": true}, "21": {"execution_time": 0.45150065422058105, "passed": true}, "22": {"execution_time": 0.4165518283843994, "passed": true}, "23": {"execution_time": 0.43605709075927734, "passed": true}, "24": {"execution_time": 0.2745349407196045, "passed": true}, "25": {"execution_time": 1.618086814880371, "passed": true}, "26": {"execution_time": 1.1920340061187744, "passed": true}, "27": {"execution_time": 1.6087462902069092, "passed": true}, "28": {"execution_time": 2.994171142578125, "passed": true}, "29": {"execution_time": 0.2739689350128174, "passed": true}}}, "check_style_score": "1/1"}