{"version": "1", "message": "ERROR: Hidden Testcases server unreachable.", "problem_id": "ads2_m16_a1_1", "user_id": "harinath1314", "score": {"sample": {"0": {"execution_time": 0.42542004585266113, "passed": false}, "1": {"execution_time": 0.4109058380126953, "passed": false}, "2": {"execution_time": 0.7745966911315918, "passed": true}, "3": {"execution_time": 0.8130381107330322, "passed": false}, "4": {"execution_time": 0.8455381393432617, "passed": false}, "5": {"execution_time": 0.8924262523651123, "passed": false}, "6": {"execution_time": 0.8452010154724121, "passed": false}, "7": {"execution_time": 0.8683722019195557, "passed": false}, "8": {"execution_time": 0.5054669380187988, "passed": false}, "9": {"execution_time": 0.832787036895752, "passed": false}, "10": {"execution_time": 0.8396031856536865, "passed": false}, "11": {"execution_time": 10.07058596611023, "passed": false}, "12": {"execution_time": 0.8840517997741699, "passed": false}, "13": {"execution_time": 0.3750739097595215, "passed": true}, "14": {"execution_time": 0.8349030017852783, "passed": false}, "15": {"execution_time": 0.8789980411529541, "passed": false}, "16": {"execution_time": 0.4988400936126709, "passed": false}, "17": {"execution_time": 0.4711630344390869, "passed": false}, "18": {"execution_time": 0.470505952835083, "passed": false}, "19": {"execution_time": 0.5650029182434082, "passed": false}, "20": {"execution_time": 0.6613631248474121, "passed": false}, "21": {"execution_time": 0.5770707130432129, "passed": false}, "22": {"execution_time": 0.5408098697662354, "passed": false}, "23": {"execution_time": 0.6090419292449951, "passed": false}, "24": {"execution_time": 0.4372532367706299, "passed": true}, "25": {"execution_time": 1.4257540702819824, "passed": false}, "26": {"execution_time": 1.151724100112915, "passed": false}, "27": {"execution_time": 1.5602428913116455, "passed": false}, "28": {"execution_time": 2.103922128677368, "passed": false}, "29": {"execution_time": 0.3165161609649658, "passed": false}}}, "check_style_score": "0/1"}