{"version": "1", "message": "ERROR: Hidden Testcases server unreachable.", "problem_id": "ads2_m16_a1_1", "user_id": "harinath1314", "score": {"sample": {"0": {"execution_time": 0.4634897708892822, "passed": true}, "1": {"execution_time": 0.469818115234375, "passed": true}, "2": {"execution_time": 2.2622671127319336, "passed": true}, "3": {"execution_time": 1.8217129707336426, "passed": true}, "4": {"execution_time": 1.7698121070861816, "passed": true}, "5": {"execution_time": 1.7502210140228271, "passed": true}, "6": {"execution_time": 1.8514080047607422, "passed": true}, "7": {"execution_time": 1.7436599731445312, "passed": true}, "8": {"execution_time": 0.5328409671783447, "passed": true}, "9": {"execution_time": 1.6305038928985596, "passed": true}, "10": {"execution_time": 1.7886459827423096, "passed": true}, "11": {"execution_time": 5.328649997711182, "passed": true}, "12": {"execution_time": 2.7862281799316406, "passed": true}, "13": {"execution_time": 0.5036180019378662, "passed": true}, "14": {"execution_time": 2.0604448318481445, "passed": true}, "15": {"execution_time": 2.2007720470428467, "passed": true}, "16": {"execution_time": 0.6038968563079834, "passed": true}, "17": {"execution_time": 0.7509558200836182, "passed": true}, "18": {"execution_time": 0.6778202056884766, "passed": true}, "19": {"execution_time": 0.6901090145111084, "passed": true}, "20": {"execution_time": 0.7090051174163818, "passed": true}, "21": {"execution_time": 0.636181116104126, "passed": true}, "22": {"execution_time": 0.6436319351196289, "passed": true}, "23": {"execution_time": 0.6182982921600342, "passed": true}, "24": {"execution_time": 0.40419816970825195, "passed": true}, "25": {"execution_time": 2.452057123184204, "passed": true}, "26": {"execution_time": 1.3230268955230713, "passed": true}, "27": {"execution_time": 2.5246500968933105, "passed": true}, "28": {"execution_time": 6.642136812210083, "passed": true}, "29": {"execution_time": 0.5206131935119629, "passed": true}}}, "check_style_score": "0/1"}