{"version": "1", "message": "ERROR: Hidden Testcases server unreachable.", "problem_id": "ads2_m16_a1_1", "user_id": "harinath1314", "score": {"sample": {"0": {"execution_time": 0.4743309020996094, "passed": false}, "1": {"execution_time": 0.4087092876434326, "passed": false}, "2": {"execution_time": 0.8004138469696045, "passed": true}, "3": {"execution_time": 0.8029167652130127, "passed": false}, "4": {"execution_time": 0.803009033203125, "passed": false}, "5": {"execution_time": 0.8598940372467041, "passed": false}, "6": {"execution_time": 0.8433389663696289, "passed": false}, "7": {"execution_time": 0.8481929302215576, "passed": false}, "8": {"execution_time": 0.48186492919921875, "passed": false}, "9": {"execution_time": 0.829171895980835, "passed": false}, "10": {"execution_time": 0.8071770668029785, "passed": false}, "11": {"execution_time": 10.072192668914795, "passed": false}, "12": {"execution_time": 0.864166259765625, "passed": false}, "13": {"execution_time": 0.36422300338745117, "passed": true}, "14": {"execution_time": 0.834143877029419, "passed": false}, "15": {"execution_time": 0.8502488136291504, "passed": false}, "16": {"execution_time": 0.4832000732421875, "passed": false}, "17": {"execution_time": 0.45834803581237793, "passed": false}, "18": {"execution_time": 0.4640209674835205, "passed": false}, "19": {"execution_time": 0.5485358238220215, "passed": false}, "20": {"execution_time": 0.6468050479888916, "passed": false}, "21": {"execution_time": 0.45380401611328125, "passed": false}, "22": {"execution_time": 0.4468040466308594, "passed": false}, "23": {"execution_time": 0.4819161891937256, "passed": false}, "24": {"execution_time": 0.3373239040374756, "passed": false}, "25": {"execution_time": 1.189296007156372, "passed": false}, "26": {"execution_time": 0.9662086963653564, "passed": false}, "27": {"execution_time": 1.2827749252319336, "passed": false}, "28": {"execution_time": 1.8701250553131104, "passed": false}, "29": {"execution_time": 0.32742786407470703, "passed": false}}}, "check_style_score": "0/1"}