{"version": "1", "message": "ERROR: Hidden Testcases server unreachable.", "problem_id": "ads2_m16_a1_1", "user_id": "harinath1314", "score": {"sample": {"0": {"execution_time": 0.4451429843902588, "passed": true}, "1": {"execution_time": 0.4092268943786621, "passed": true}, "2": {"execution_time": 1.7313239574432373, "passed": true}, "3": {"execution_time": 4.136663913726807, "passed": true}, "4": {"execution_time": 2.579596996307373, "passed": true}, "5": {"execution_time": 2.6212761402130127, "passed": true}, "6": {"execution_time": 2.9279980659484863, "passed": true}, "7": {"execution_time": 1.7408199310302734, "passed": true}, "8": {"execution_time": 0.745657205581665, "passed": true}, "9": {"execution_time": 1.9436869621276855, "passed": true}, "10": {"execution_time": 1.8207309246063232, "passed": true}, "11": {"execution_time": 10.02772831916809, "passed": false}, "12": {"execution_time": 2.8979268074035645, "passed": true}, "13": {"execution_time": 1.4599957466125488, "passed": true}, "14": {"execution_time": 3.624558925628662, "passed": true}, "15": {"execution_time": 3.1030960083007812, "passed": true}, "16": {"execution_time": 0.5091190338134766, "passed": true}, "17": {"execution_time": 1.65693998336792, "passed": true}, "18": {"execution_time": 1.2192041873931885, "passed": true}, "19": {"execution_time": 1.3874680995941162, "passed": true}, "20": {"execution_time": 0.6021487712860107, "passed": true}, "21": {"execution_time": 0.5284831523895264, "passed": true}, "22": {"execution_time": 0.6050539016723633, "passed": true}, "23": {"execution_time": 1.161505937576294, "passed": true}, "24": {"execution_time": 0.3939838409423828, "passed": true}, "25": {"execution_time": 3.314077138900757, "passed": true}, "26": {"execution_time": 1.6068918704986572, "passed": true}, "27": {"execution_time": 5.198620080947876, "passed": true}, "28": {"execution_time": 5.631724119186401, "passed": true}, "29": {"execution_time": 0.5423600673675537, "passed": true}}}, "check_style_score": "0/1"}