{"version": "1", "message": "ERROR: Hidden Testcases server unreachable.", "problem_id": "ads2_m6_a1_1", "user_id": "harinath1314", "score": {"sample": {"0": {"execution_time": 0.3236730098724365, "passed": false}, "1": {"execution_time": 0.3369290828704834, "passed": false}, "2": {"execution_time": 0.34087705612182617, "passed": false}, "3": {"execution_time": 0.33136415481567383, "passed": false}, "4": {"execution_time": 0.32764101028442383, "passed": false}, "5": {"execution_time": 0.3330421447753906, "passed": false}, "6": {"execution_time": 0.3217480182647705, "passed": true}, "7": {"execution_time": 0.3205697536468506, "passed": false}, "8": {"execution_time": 0.33432483673095703, "passed": false}, "9": {"execution_time": 0.33931493759155273, "passed": false}, "10": {"execution_time": 0.32592201232910156, "passed": true}, "11": {"execution_time": 0.33066701889038086, "passed": false}}}, "check_style_score": "0/1"}