{"version": "1", "message": "ERROR: Hidden Testcases server unreachable.", "problem_id": "ads2_m6_a1_1", "user_id": "harinath1314", "score": {"sample": {"0": {"execution_time": 0.3233799934387207, "passed": false}, "1": {"execution_time": 0.3147881031036377, "passed": false}, "2": {"execution_time": 0.32685303688049316, "passed": false}, "3": {"execution_time": 0.3333592414855957, "passed": false}, "4": {"execution_time": 0.34691309928894043, "passed": false}, "5": {"execution_time": 0.3538539409637451, "passed": true}, "6": {"execution_time": 0.3450798988342285, "passed": true}, "7": {"execution_time": 0.45347023010253906, "passed": false}, "8": {"execution_time": 0.3574519157409668, "passed": true}, "9": {"execution_time": 0.3809831142425537, "passed": false}, "10": {"execution_time": 0.34441304206848145, "passed": true}, "11": {"execution_time": 0.36598873138427734, "passed": false}}}, "check_style_score": "0/1"}