{"version": "1", "message": "ERROR: Hidden Testcases server unreachable.", "problem_id": "ads2_m6_a1_1", "user_id": "harinath1314", "score": {"sample": {"0": {"execution_time": 0.32576584815979004, "passed": false}, "1": {"execution_time": 0.31548500061035156, "passed": false}, "2": {"execution_time": 0.32377171516418457, "passed": false}, "3": {"execution_time": 0.3268930912017822, "passed": false}, "4": {"execution_time": 0.31971192359924316, "passed": false}, "5": {"execution_time": 0.3132801055908203, "passed": false}, "6": {"execution_time": 0.33310508728027344, "passed": true}, "7": {"execution_time": 0.3218708038330078, "passed": false}, "8": {"execution_time": 0.32668304443359375, "passed": true}, "9": {"execution_time": 0.3225440979003906, "passed": false}, "10": {"execution_time": 0.3323509693145752, "passed": true}, "11": {"execution_time": 0.3259890079498291, "passed": false}}}, "check_style_score": "0/1"}