{"version": "1", "message": "ERROR: Hidden Testcases server unreachable.", "problem_id": "ads2_m6_a1_1", "user_id": "harinath1314", "score": {"sample": {"0": {"execution_time": 0.40270328521728516, "passed": false}, "1": {"execution_time": 0.3314359188079834, "passed": false}, "2": {"execution_time": 0.324052095413208, "passed": false}, "3": {"execution_time": 0.31101489067077637, "passed": false}, "4": {"execution_time": 0.3465769290924072, "passed": false}, "5": {"execution_time": 0.3148038387298584, "passed": false}, "6": {"execution_time": 0.3182358741760254, "passed": false}, "7": {"execution_time": 0.3143460750579834, "passed": false}, "8": {"execution_time": 0.32003092765808105, "passed": false}, "9": {"execution_time": 0.3099210262298584, "passed": false}, "10": {"execution_time": 0.3092312812805176, "passed": false}, "11": {"execution_time": 0.3145718574523926, "passed": false}}}, "check_style_score": "0/1"}