{"version": "1", "message": "ERROR: Hidden Testcases server unreachable.", "problem_id": "ads2_m6_a1_1", "user_id": "harinath1314", "score": {"sample": {"0": {"execution_time": 0.3150479793548584, "passed": false}, "1": {"execution_time": 0.32623887062072754, "passed": false}, "2": {"execution_time": 0.3135991096496582, "passed": false}, "3": {"execution_time": 0.32264089584350586, "passed": false}, "4": {"execution_time": 0.3194711208343506, "passed": false}, "5": {"execution_time": 0.3118898868560791, "passed": false}, "6": {"execution_time": 0.31867289543151855, "passed": true}, "7": {"execution_time": 0.317141056060791, "passed": false}, "8": {"execution_time": 0.3293490409851074, "passed": true}, "9": {"execution_time": 0.33463215827941895, "passed": false}, "10": {"execution_time": 0.32885098457336426, "passed": true}, "11": {"execution_time": 0.3235180377960205, "passed": false}}}, "check_style_score": "0/1"}