{"version": "1", "message": "ERROR: Hidden Testcases server unreachable.", "problem_id": "ads2_m6_a1_1", "user_id": "harinath1314", "score": {"sample": {"0": {"execution_time": 0.3509519100189209, "passed": false}, "1": {"execution_time": 0.35238218307495117, "passed": false}, "2": {"execution_time": 0.3392460346221924, "passed": false}, "3": {"execution_time": 0.3326382637023926, "passed": false}, "4": {"execution_time": 0.3263838291168213, "passed": false}, "5": {"execution_time": 0.32694196701049805, "passed": false}, "6": {"execution_time": 0.34983301162719727, "passed": false}, "7": {"execution_time": 0.34831786155700684, "passed": false}, "8": {"execution_time": 0.33866095542907715, "passed": false}, "9": {"execution_time": 0.33119988441467285, "passed": false}, "10": {"execution_time": 0.31812310218811035, "passed": false}, "11": {"execution_time": 0.3371460437774658, "passed": false}}}, "check_style_score": "0/1"}