{"version": "1", "message": "ERROR: Hidden Testcases server unreachable.", "problem_id": "ads2_m6_a1_1", "user_id": "harinath1314", "score": {"sample": {"0": {"execution_time": 0.34547996520996094, "passed": false}, "1": {"execution_time": 0.36353421211242676, "passed": false}, "2": {"execution_time": 0.3676178455352783, "passed": false}, "3": {"execution_time": 0.34007716178894043, "passed": false}, "4": {"execution_time": 0.33573412895202637, "passed": false}, "5": {"execution_time": 0.35469603538513184, "passed": false}, "6": {"execution_time": 0.3510420322418213, "passed": true}, "7": {"execution_time": 0.3551957607269287, "passed": false}, "8": {"execution_time": 0.34711718559265137, "passed": true}, "9": {"execution_time": 0.34157705307006836, "passed": false}, "10": {"execution_time": 0.34339165687561035, "passed": true}, "11": {"execution_time": 0.34001994132995605, "passed": false}}}, "check_style_score": "0/1"}