{"version": "1", "message": "ERROR: Hidden Testcases server unreachable.", "problem_id": "ads2_m6_a1_1", "user_id": "harinath1314", "score": {"sample": {"0": {"execution_time": 0.3003668785095215, "passed": false}, "1": {"execution_time": 0.28975605964660645, "passed": false}, "2": {"execution_time": 0.27646684646606445, "passed": false}, "3": {"execution_time": 0.273165225982666, "passed": false}, "4": {"execution_time": 0.28325510025024414, "passed": false}, "5": {"execution_time": 0.27913904190063477, "passed": false}, "6": {"execution_time": 0.27835607528686523, "passed": false}, "7": {"execution_time": 0.2734220027923584, "passed": false}, "8": {"execution_time": 0.27880001068115234, "passed": false}, "9": {"execution_time": 0.2757701873779297, "passed": false}, "10": {"execution_time": 0.29498910903930664, "passed": false}, "11": {"execution_time": 0.2820169925689697, "passed": false}}}, "check_style_score": "0/1"}