{"version": "1", "message": "ERROR: Hidden Testcases server unreachable.", "problem_id": "ads2_m6_a1_1", "user_id": "harinath1314", "score": {"sample": {"0": {"execution_time": 0.33498406410217285, "passed": false}, "1": {"execution_time": 0.3458411693572998, "passed": false}, "2": {"execution_time": 0.33157777786254883, "passed": false}, "3": {"execution_time": 0.3368949890136719, "passed": false}, "4": {"execution_time": 0.3395061492919922, "passed": false}, "5": {"execution_time": 0.33734869956970215, "passed": false}, "6": {"execution_time": 0.3580820560455322, "passed": false}, "7": {"execution_time": 0.3319828510284424, "passed": false}, "8": {"execution_time": 0.3477768898010254, "passed": false}, "9": {"execution_time": 0.3693869113922119, "passed": false}, "10": {"execution_time": 0.32616424560546875, "passed": false}, "11": {"execution_time": 0.35330915451049805, "passed": false}}}, "check_style_score": "0/1"}