{"version": "1", "message": "ERROR: Hidden Testcases server unreachable.", "problem_id": "ads2_m6_a1_1", "user_id": "harinath1314", "score": {"sample": {"0": {"execution_time": 0.3165609836578369, "passed": false}, "1": {"execution_time": 0.3266170024871826, "passed": false}, "2": {"execution_time": 0.32428598403930664, "passed": false}, "3": {"execution_time": 0.3272271156311035, "passed": false}, "4": {"execution_time": 0.32082319259643555, "passed": false}, "5": {"execution_time": 0.3513472080230713, "passed": true}, "6": {"execution_time": 0.3213989734649658, "passed": true}, "7": {"execution_time": 0.32713913917541504, "passed": false}, "8": {"execution_time": 0.32212090492248535, "passed": true}, "9": {"execution_time": 0.3232870101928711, "passed": false}, "10": {"execution_time": 0.3157191276550293, "passed": true}, "11": {"execution_time": 0.33862900733947754, "passed": false}}}, "check_style_score": "0/1"}