{"version": "1", "message": "ERROR: Hidden Testcases server unreachable.", "problem_id": "ads2_m6_a1_1", "user_id": "harinath1314", "score": {"sample": {"0": {"execution_time": 0.2852590084075928, "passed": false}, "1": {"execution_time": 0.3020961284637451, "passed": false}, "2": {"execution_time": 0.27594614028930664, "passed": false}, "3": {"execution_time": 0.2907562255859375, "passed": false}, "4": {"execution_time": 0.2864561080932617, "passed": false}, "5": {"execution_time": 0.27509021759033203, "passed": false}, "6": {"execution_time": 0.2859232425689697, "passed": false}, "7": {"execution_time": 0.27844882011413574, "passed": false}, "8": {"execution_time": 0.2965691089630127, "passed": false}, "9": {"execution_time": 0.28134989738464355, "passed": false}, "10": {"execution_time": 0.2773168087005615, "passed": false}, "11": {"execution_time": 0.28299736976623535, "passed": false}}}, "check_style_score": "0/1"}