{"version": "1", "message": "ERROR: Hidden Testcases server unreachable.", "problem_id": "ads2_m6_a1_1", "user_id": "harinath1314", "score": {"sample": {"0": {"execution_time": 0.33306002616882324, "passed": false}, "1": {"execution_time": 0.32372403144836426, "passed": false}, "2": {"execution_time": 0.3249201774597168, "passed": false}, "3": {"execution_time": 0.3432350158691406, "passed": false}, "4": {"execution_time": 0.3290679454803467, "passed": false}, "5": {"execution_time": 0.33531904220581055, "passed": true}, "6": {"execution_time": 0.36657285690307617, "passed": true}, "7": {"execution_time": 0.3242650032043457, "passed": false}, "8": {"execution_time": 0.32138919830322266, "passed": true}, "9": {"execution_time": 0.33196425437927246, "passed": false}, "10": {"execution_time": 0.3119940757751465, "passed": true}, "11": {"execution_time": 0.3474891185760498, "passed": false}}}, "check_style_score": "0/1"}