{"version": "1", "message": "ERROR: Hidden Testcases server unreachable.", "problem_id": "ads2_m6_a1_1", "user_id": "harinath1314", "score": {"sample": {"0": {"execution_time": 0.33499598503112793, "passed": false}, "1": {"execution_time": 0.31206202507019043, "passed": false}, "2": {"execution_time": 0.34749794006347656, "passed": false}, "3": {"execution_time": 0.3757638931274414, "passed": false}, "4": {"execution_time": 0.34673595428466797, "passed": false}, "5": {"execution_time": 0.3135812282562256, "passed": false}, "6": {"execution_time": 0.34586215019226074, "passed": false}, "7": {"execution_time": 0.4246232509613037, "passed": false}, "8": {"execution_time": 0.335158109664917, "passed": false}, "9": {"execution_time": 0.3432800769805908, "passed": false}, "10": {"execution_time": 0.3085613250732422, "passed": false}, "11": {"execution_time": 0.31205201148986816, "passed": false}}}, "check_style_score": "0/1"}