{"version": "1", "message": "ERROR: Hidden Testcases server unreachable.", "problem_id": "ads2_m6_a1_1", "user_id": "harinath1314", "score": {"sample": {"0": {"execution_time": 0.29840707778930664, "passed": false}, "1": {"execution_time": 0.347898006439209, "passed": false}, "2": {"execution_time": 0.3432748317718506, "passed": false}, "3": {"execution_time": 0.27796196937561035, "passed": false}, "4": {"execution_time": 0.3024260997772217, "passed": false}, "5": {"execution_time": 0.29001903533935547, "passed": false}, "6": {"execution_time": 0.30074214935302734, "passed": false}, "7": {"execution_time": 0.28648996353149414, "passed": false}, "8": {"execution_time": 0.2908029556274414, "passed": false}, "9": {"execution_time": 0.2793757915496826, "passed": false}, "10": {"execution_time": 0.2840080261230469, "passed": false}, "11": {"execution_time": 0.2769908905029297, "passed": false}}}, "check_style_score": "0/1"}