{"version": "1", "message": "ERROR: Hidden Testcases server unreachable.", "problem_id": "ads2_m6_a1_1", "user_id": "harinath1314", "score": {"sample": {"0": {"execution_time": 0.3608682155609131, "passed": false}, "1": {"execution_time": 0.3480236530303955, "passed": false}, "2": {"execution_time": 0.3562619686126709, "passed": false}, "3": {"execution_time": 0.3513660430908203, "passed": false}, "4": {"execution_time": 0.316206693649292, "passed": false}, "5": {"execution_time": 0.3137810230255127, "passed": false}, "6": {"execution_time": 0.31742310523986816, "passed": true}, "7": {"execution_time": 0.3136129379272461, "passed": false}, "8": {"execution_time": 0.3160867691040039, "passed": true}, "9": {"execution_time": 0.31546688079833984, "passed": false}, "10": {"execution_time": 0.31241488456726074, "passed": true}, "11": {"execution_time": 0.31723976135253906, "passed": false}}}, "check_style_score": "0/1"}