{"version": "1", "message": "ERROR: Hidden Testcases server unreachable.", "problem_id": "ads2_m6_a1_1", "user_id": "harinath1314", "score": {"sample": {"0": {"execution_time": 0.3231179714202881, "passed": false}, "1": {"execution_time": 0.34743380546569824, "passed": false}, "2": {"execution_time": 0.33125901222229004, "passed": false}, "3": {"execution_time": 0.3429288864135742, "passed": false}, "4": {"execution_time": 0.3464939594268799, "passed": true}, "5": {"execution_time": 0.33759307861328125, "passed": false}, "6": {"execution_time": 0.32567501068115234, "passed": true}, "7": {"execution_time": 0.3365018367767334, "passed": false}, "8": {"execution_time": 0.33046793937683105, "passed": true}, "9": {"execution_time": 0.33370113372802734, "passed": true}, "10": {"execution_time": 0.3276090621948242, "passed": true}, "11": {"execution_time": 0.3376271724700928, "passed": false}}}, "check_style_score": "0/1"}