{"version": "1", "message": "ERROR: Hidden Testcases server unreachable.", "problem_id": "ads2_m6_a1_1", "user_id": "harinath1314", "score": {"sample": {"0": {"execution_time": 0.41677212715148926, "passed": false}, "1": {"execution_time": 0.3185238838195801, "passed": false}, "2": {"execution_time": 0.38826513290405273, "passed": false}, "3": {"execution_time": 0.3680720329284668, "passed": false}, "4": {"execution_time": 0.33463025093078613, "passed": false}, "5": {"execution_time": 0.34334301948547363, "passed": false}, "6": {"execution_time": 0.3329191207885742, "passed": true}, "7": {"execution_time": 0.3283193111419678, "passed": false}, "8": {"execution_time": 0.48679184913635254, "passed": true}, "9": {"execution_time": 0.3456909656524658, "passed": false}, "10": {"execution_time": 0.3540363311767578, "passed": true}, "11": {"execution_time": 0.4048609733581543, "passed": false}}}, "check_style_score": "0/1"}