{"version": "1", "message": "ERROR: Hidden Testcases server unreachable.", "problem_id": "ads2_m6_a1_1", "user_id": "harinath1314", "score": {"sample": {"0": {"execution_time": 0.32756781578063965, "passed": false}, "1": {"execution_time": 0.3329620361328125, "passed": false}, "2": {"execution_time": 0.322674036026001, "passed": false}, "3": {"execution_time": 0.35977911949157715, "passed": false}, "4": {"execution_time": 0.32721686363220215, "passed": true}, "5": {"execution_time": 0.3383800983428955, "passed": false}, "6": {"execution_time": 0.33806467056274414, "passed": true}, "7": {"execution_time": 0.3624110221862793, "passed": false}, "8": {"execution_time": 0.32501912117004395, "passed": true}, "9": {"execution_time": 0.3587760925292969, "passed": true}, "10": {"execution_time": 0.32210397720336914, "passed": true}, "11": {"execution_time": 0.36252593994140625, "passed": false}}}, "check_style_score": "0/1"}