{"version": "1", "message": "ERROR: Hidden Testcases server unreachable.", "problem_id": "ads2_m6_a1_1", "user_id": "harinath1314", "score": {"sample": {"0": {"execution_time": 0.31427621841430664, "passed": false}, "1": {"execution_time": 0.32268619537353516, "passed": false}, "2": {"execution_time": 0.3292520046234131, "passed": false}, "3": {"execution_time": 0.3845970630645752, "passed": false}, "4": {"execution_time": 0.3476979732513428, "passed": false}, "5": {"execution_time": 0.3797140121459961, "passed": false}, "6": {"execution_time": 0.34655094146728516, "passed": true}, "7": {"execution_time": 0.33660101890563965, "passed": false}, "8": {"execution_time": 0.34047484397888184, "passed": true}, "9": {"execution_time": 0.35197973251342773, "passed": false}, "10": {"execution_time": 0.35187196731567383, "passed": true}, "11": {"execution_time": 0.3568589687347412, "passed": false}}}, "check_style_score": "0/1"}