{"version": "1", "message": "ERROR: Hidden Testcases server unreachable.", "problem_id": "ads2_m6_a1_1", "user_id": "harinath1314", "score": {"sample": {"0": {"execution_time": 0.28946518898010254, "passed": false}, "1": {"execution_time": 0.281116247177124, "passed": false}, "2": {"execution_time": 0.27523088455200195, "passed": false}, "3": {"execution_time": 0.3337090015411377, "passed": false}, "4": {"execution_time": 0.28835415840148926, "passed": false}, "5": {"execution_time": 0.2866671085357666, "passed": false}, "6": {"execution_time": 0.29016804695129395, "passed": false}, "7": {"execution_time": 0.29218578338623047, "passed": false}, "8": {"execution_time": 0.28394317626953125, "passed": false}, "9": {"execution_time": 0.2900400161743164, "passed": false}, "10": {"execution_time": 0.2994198799133301, "passed": false}, "11": {"execution_time": 0.3270699977874756, "passed": false}}}, "check_style_score": "0/1"}