{"version": "1", "message": "ERROR: Hidden Testcases server unreachable.", "problem_id": "ads2_m6_a1_1", "user_id": "harinath1314", "score": {"sample": {"0": {"execution_time": 0.3449270725250244, "passed": false}, "1": {"execution_time": 0.3200807571411133, "passed": false}, "2": {"execution_time": 0.31869077682495117, "passed": false}, "3": {"execution_time": 0.3232460021972656, "passed": false}, "4": {"execution_time": 0.32770419120788574, "passed": false}, "5": {"execution_time": 0.3357992172241211, "passed": false}, "6": {"execution_time": 0.3250467777252197, "passed": true}, "7": {"execution_time": 0.3265352249145508, "passed": false}, "8": {"execution_time": 0.346027135848999, "passed": true}, "9": {"execution_time": 0.33200883865356445, "passed": true}, "10": {"execution_time": 0.3167722225189209, "passed": true}, "11": {"execution_time": 0.32486796379089355, "passed": false}}}, "check_style_score": "0/1"}