{"version": "1", "message": "ERROR: Hidden Testcases server unreachable.", "problem_id": "ads2_m6_a1_1", "user_id": "harinath1314", "score": {"sample": {"0": {"execution_time": 0.328082799911499, "passed": false}, "1": {"execution_time": 0.36127305030822754, "passed": false}, "2": {"execution_time": 0.33110880851745605, "passed": false}, "3": {"execution_time": 0.3529527187347412, "passed": false}, "4": {"execution_time": 0.38321518898010254, "passed": false}, "5": {"execution_time": 0.3638761043548584, "passed": false}, "6": {"execution_time": 0.3253958225250244, "passed": false}, "7": {"execution_time": 0.33884596824645996, "passed": false}, "8": {"execution_time": 0.35203981399536133, "passed": false}, "9": {"execution_time": 0.3586091995239258, "passed": false}, "10": {"execution_time": 0.3357839584350586, "passed": false}, "11": {"execution_time": 0.3482089042663574, "passed": false}}}, "check_style_score": "0/1"}