{"version": "1", "message": "ERROR: Hidden Testcases server unreachable.", "problem_id": "ads2_m6_a1_1", "user_id": "harinath1314", "score": {"sample": {"0": {"execution_time": 0.3403949737548828, "passed": false}, "1": {"execution_time": 0.3449900150299072, "passed": false}, "2": {"execution_time": 0.3364279270172119, "passed": false}, "3": {"execution_time": 0.32882094383239746, "passed": false}, "4": {"execution_time": 0.34772396087646484, "passed": true}, "5": {"execution_time": 0.3493001461029053, "passed": false}, "6": {"execution_time": 0.36534786224365234, "passed": true}, "7": {"execution_time": 0.40520811080932617, "passed": false}, "8": {"execution_time": 0.33769702911376953, "passed": true}, "9": {"execution_time": 0.33113718032836914, "passed": true}, "10": {"execution_time": 0.3299381732940674, "passed": true}, "11": {"execution_time": 0.34035301208496094, "passed": false}}}, "check_style_score": "0/1"}