{"version": "1", "message": "ERROR: Hidden Testcases server unreachable.", "problem_id": "ads2_m6_a1_1", "user_id": "harinath1314", "score": {"sample": {"0": {"execution_time": 0.3028128147125244, "passed": false}, "1": {"execution_time": 0.2879939079284668, "passed": false}, "2": {"execution_time": 0.2952089309692383, "passed": false}, "3": {"execution_time": 0.2787919044494629, "passed": false}, "4": {"execution_time": 0.280148983001709, "passed": false}, "5": {"execution_time": 0.2745978832244873, "passed": false}, "6": {"execution_time": 0.2989010810852051, "passed": false}, "7": {"execution_time": 0.2827739715576172, "passed": false}, "8": {"execution_time": 0.28748393058776855, "passed": false}, "9": {"execution_time": 0.28433704376220703, "passed": false}, "10": {"execution_time": 0.28930211067199707, "passed": false}, "11": {"execution_time": 0.2806861400604248, "passed": false}}}, "check_style_score": "0/1"}