{"version": "1", "message": "ERROR: Hidden Testcases server unreachable.", "problem_id": "ads2_m6_a1_1", "user_id": "harinath1314", "score": {"sample": {"0": {"execution_time": 0.3242838382720947, "passed": false}, "1": {"execution_time": 0.3291008472442627, "passed": false}, "2": {"execution_time": 0.32118916511535645, "passed": false}, "3": {"execution_time": 0.33325791358947754, "passed": false}, "4": {"execution_time": 0.32764434814453125, "passed": false}, "5": {"execution_time": 0.3417038917541504, "passed": true}, "6": {"execution_time": 0.3185153007507324, "passed": true}, "7": {"execution_time": 0.33954572677612305, "passed": false}, "8": {"execution_time": 0.32902097702026367, "passed": true}, "9": {"execution_time": 0.32451915740966797, "passed": false}, "10": {"execution_time": 0.31865501403808594, "passed": true}, "11": {"execution_time": 0.33396410942077637, "passed": false}}}, "check_style_score": "0/1"}