{"version": "1", "message": "ERROR: Hidden Testcases server unreachable.", "problem_id": "ads2_m6_a1_1", "user_id": "harinath1314", "score": {"sample": {"0": {"execution_time": 0.32515478134155273, "passed": false}, "1": {"execution_time": 0.3284797668457031, "passed": false}, "2": {"execution_time": 0.3349010944366455, "passed": false}, "3": {"execution_time": 0.3315308094024658, "passed": false}, "4": {"execution_time": 0.3778660297393799, "passed": true}, "5": {"execution_time": 0.3498191833496094, "passed": false}, "6": {"execution_time": 0.3304729461669922, "passed": true}, "7": {"execution_time": 0.335521936416626, "passed": false}, "8": {"execution_time": 0.33951807022094727, "passed": true}, "9": {"execution_time": 0.34625768661499023, "passed": true}, "10": {"execution_time": 0.3135197162628174, "passed": true}, "11": {"execution_time": 0.3358008861541748, "passed": false}}}, "check_style_score": "0/1"}