{"version": "1", "message": "ERROR: Hidden Testcases server unreachable.", "problem_id": "ads2_m6_a1_1", "user_id": "harinath1314", "score": {"sample": {"0": {"execution_time": 0.3309447765350342, "passed": false}, "1": {"execution_time": 0.3491199016571045, "passed": false}, "2": {"execution_time": 0.33887791633605957, "passed": false}, "3": {"execution_time": 0.35982394218444824, "passed": false}, "4": {"execution_time": 0.33883094787597656, "passed": false}, "5": {"execution_time": 0.3765707015991211, "passed": true}, "6": {"execution_time": 0.3461267948150635, "passed": true}, "7": {"execution_time": 0.32603001594543457, "passed": false}, "8": {"execution_time": 0.3230860233306885, "passed": true}, "9": {"execution_time": 0.3346109390258789, "passed": false}, "10": {"execution_time": 0.31820106506347656, "passed": true}, "11": {"execution_time": 0.33946990966796875, "passed": false}}}, "check_style_score": "0/1"}