{"version": "1", "message": "ERROR: Hidden Testcases server unreachable.", "problem_id": "ads2_m6_a1_1", "user_id": "harinath1314", "score": {"sample": {"0": {"execution_time": 0.4367799758911133, "passed": false}, "1": {"execution_time": 0.34506821632385254, "passed": false}, "2": {"execution_time": 0.390822172164917, "passed": false}, "3": {"execution_time": 0.3485419750213623, "passed": false}, "4": {"execution_time": 0.32091522216796875, "passed": false}, "5": {"execution_time": 0.33808183670043945, "passed": false}, "6": {"execution_time": 0.5383338928222656, "passed": false}, "7": {"execution_time": 0.3438711166381836, "passed": false}, "8": {"execution_time": 0.3553049564361572, "passed": false}, "9": {"execution_time": 0.3535349369049072, "passed": false}, "10": {"execution_time": 0.3320930004119873, "passed": false}, "11": {"execution_time": 0.3553290367126465, "passed": false}}}, "check_style_score": "0/1"}