{"version": "1", "message": "ERROR: Hidden Testcases server unreachable.", "problem_id": "ads2_m6_a1_1", "user_id": "harinath1314", "score": {"sample": {"0": {"execution_time": 0.3272891044616699, "passed": false}, "1": {"execution_time": 0.32814788818359375, "passed": false}, "2": {"execution_time": 0.33165407180786133, "passed": false}, "3": {"execution_time": 0.31712794303894043, "passed": false}, "4": {"execution_time": 0.3359811305999756, "passed": false}, "5": {"execution_time": 0.337479829788208, "passed": true}, "6": {"execution_time": 0.32527589797973633, "passed": true}, "7": {"execution_time": 0.321713924407959, "passed": false}, "8": {"execution_time": 0.33103013038635254, "passed": true}, "9": {"execution_time": 0.32457804679870605, "passed": false}, "10": {"execution_time": 0.33002305030822754, "passed": true}, "11": {"execution_time": 0.342587947845459, "passed": false}}}, "check_style_score": "0/1"}