{"version": "1", "message": "ERROR: Hidden Testcases server unreachable.", "problem_id": "ads2_m6_a1_1", "user_id": "harinath1314", "score": {"sample": {"0": {"execution_time": 0.23470306396484375, "passed": false}, "1": {"execution_time": 0.2303471565246582, "passed": false}, "2": {"execution_time": 0.22850489616394043, "passed": false}, "3": {"execution_time": 0.23862314224243164, "passed": false}, "4": {"execution_time": 0.22751402854919434, "passed": false}, "5": {"execution_time": 0.24749088287353516, "passed": false}, "6": {"execution_time": 0.23374104499816895, "passed": false}, "7": {"execution_time": 0.226593017578125, "passed": false}, "8": {"execution_time": 0.22252607345581055, "passed": false}, "9": {"execution_time": 0.25080084800720215, "passed": false}, "10": {"execution_time": 0.23066306114196777, "passed": false}, "11": {"execution_time": 0.24898600578308105, "passed": false}}}, "check_style_score": "0/1"}