{"version": "1", "message": "ERROR: Hidden Testcases server unreachable.", "problem_id": "ads2_m6_a1_1", "user_id": "harinath1314", "score": {"sample": {"0": {"execution_time": 0.32662510871887207, "passed": false}, "1": {"execution_time": 0.32009410858154297, "passed": false}, "2": {"execution_time": 0.32433199882507324, "passed": false}, "3": {"execution_time": 0.32935404777526855, "passed": false}, "4": {"execution_time": 0.3256351947784424, "passed": false}, "5": {"execution_time": 0.3622472286224365, "passed": true}, "6": {"execution_time": 0.32440686225891113, "passed": true}, "7": {"execution_time": 0.3275749683380127, "passed": false}, "8": {"execution_time": 0.32848215103149414, "passed": true}, "9": {"execution_time": 0.3292858600616455, "passed": false}, "10": {"execution_time": 0.32686901092529297, "passed": true}, "11": {"execution_time": 0.3446969985961914, "passed": false}}}, "check_style_score": "0/1"}