{"version": "1", "message": "ERROR: Hidden Testcases server unreachable.", "problem_id": "ads2_m6_a1_1", "user_id": "harinath1314", "score": {"sample": {"0": {"execution_time": 0.29048705101013184, "passed": false}, "1": {"execution_time": 0.2914280891418457, "passed": false}, "2": {"execution_time": 0.278702974319458, "passed": false}, "3": {"execution_time": 0.2800328731536865, "passed": false}, "4": {"execution_time": 0.3227849006652832, "passed": false}, "5": {"execution_time": 0.36718320846557617, "passed": false}, "6": {"execution_time": 0.30605006217956543, "passed": false}, "7": {"execution_time": 0.2774670124053955, "passed": false}, "8": {"execution_time": 0.2836141586303711, "passed": false}, "9": {"execution_time": 0.2830319404602051, "passed": false}, "10": {"execution_time": 0.27614593505859375, "passed": false}, "11": {"execution_time": 0.27871203422546387, "passed": false}}}, "check_style_score": "0/1"}