{"version": "1", "message": "ERROR: Hidden Testcases server unreachable.", "problem_id": "ads2_m6_a1_1", "user_id": "harinath1314", "score": {"sample": {"0": {"execution_time": 0.31432604789733887, "passed": false}, "1": {"execution_time": 0.31616711616516113, "passed": false}, "2": {"execution_time": 0.3129920959472656, "passed": false}, "3": {"execution_time": 0.32784485816955566, "passed": false}, "4": {"execution_time": 0.3131871223449707, "passed": false}, "5": {"execution_time": 0.3194699287414551, "passed": false}, "6": {"execution_time": 0.32204222679138184, "passed": true}, "7": {"execution_time": 0.31827712059020996, "passed": false}, "8": {"execution_time": 0.31485581398010254, "passed": true}, "9": {"execution_time": 0.31885600090026855, "passed": false}, "10": {"execution_time": 0.3107798099517822, "passed": true}, "11": {"execution_time": 0.324321985244751, "passed": false}}}, "check_style_score": "0/1"}