{"version": "1", "message": "ERROR: Hidden Testcases server unreachable.", "problem_id": "ads2_m6_a1_1", "user_id": "harinath1314", "score": {"sample": {"0": {"execution_time": 0.2926499843597412, "passed": false}, "1": {"execution_time": 0.28348207473754883, "passed": false}, "2": {"execution_time": 0.27416515350341797, "passed": false}, "3": {"execution_time": 0.2783639430999756, "passed": false}, "4": {"execution_time": 0.2889420986175537, "passed": false}, "5": {"execution_time": 0.2837042808532715, "passed": false}, "6": {"execution_time": 0.2946162223815918, "passed": false}, "7": {"execution_time": 0.27196502685546875, "passed": false}, "8": {"execution_time": 0.28723907470703125, "passed": false}, "9": {"execution_time": 0.2817668914794922, "passed": false}, "10": {"execution_time": 0.2759368419647217, "passed": false}, "11": {"execution_time": 0.27799177169799805, "passed": false}}}, "check_style_score": "0/1"}