{"version": "1", "message": "ERROR: Hidden Testcases server unreachable.", "problem_id": "ads2_m6_a1_1", "user_id": "harinath1314", "score": {"sample": {"0": {"execution_time": 0.34247398376464844, "passed": false}, "1": {"execution_time": 0.35399603843688965, "passed": false}, "2": {"execution_time": 0.3195500373840332, "passed": false}, "3": {"execution_time": 0.31408119201660156, "passed": false}, "4": {"execution_time": 0.3202829360961914, "passed": false}, "5": {"execution_time": 0.29969096183776855, "passed": false}, "6": {"execution_time": 0.31506800651550293, "passed": false}, "7": {"execution_time": 0.3237876892089844, "passed": false}, "8": {"execution_time": 0.32494091987609863, "passed": false}, "9": {"execution_time": 0.3228299617767334, "passed": false}, "10": {"execution_time": 0.3175010681152344, "passed": false}, "11": {"execution_time": 0.32087182998657227, "passed": false}}}, "check_style_score": "0/1"}