{"version": "1", "message": "ERROR: Hidden Testcases server unreachable.", "problem_id": "ads2_m6_a1_1", "user_id": "harinath1314", "score": {"sample": {"0": {"execution_time": 0.36484670639038086, "passed": false}, "1": {"execution_time": 0.3450181484222412, "passed": false}, "2": {"execution_time": 0.33555102348327637, "passed": false}, "3": {"execution_time": 0.33570003509521484, "passed": false}, "4": {"execution_time": 0.33149218559265137, "passed": false}, "5": {"execution_time": 0.331082820892334, "passed": false}, "6": {"execution_time": 0.3777010440826416, "passed": true}, "7": {"execution_time": 0.37631797790527344, "passed": false}, "8": {"execution_time": 0.35062193870544434, "passed": false}, "9": {"execution_time": 0.34725403785705566, "passed": false}, "10": {"execution_time": 0.35090160369873047, "passed": true}, "11": {"execution_time": 0.3653590679168701, "passed": false}}}, "check_style_score": "0/1"}