{"version": "1", "message": "ERROR: Hidden Testcases server unreachable.", "problem_id": "ads2_m6_a1_1", "user_id": "harinath1314", "score": {"sample": {"0": {"execution_time": 0.3215947151184082, "passed": false}, "1": {"execution_time": 0.3229501247406006, "passed": false}, "2": {"execution_time": 0.3168959617614746, "passed": false}, "3": {"execution_time": 0.32084107398986816, "passed": false}, "4": {"execution_time": 0.3283510208129883, "passed": false}, "5": {"execution_time": 0.3534510135650635, "passed": true}, "6": {"execution_time": 0.32019805908203125, "passed": true}, "7": {"execution_time": 0.3322460651397705, "passed": false}, "8": {"execution_time": 0.33677005767822266, "passed": true}, "9": {"execution_time": 0.4055490493774414, "passed": false}, "10": {"execution_time": 0.32184815406799316, "passed": true}, "11": {"execution_time": 0.3329160213470459, "passed": false}}}, "check_style_score": "0/1"}