{"version": "1", "message": "ERROR: Hidden Testcases server unreachable.", "problem_id": "ads2_m6_a1_1", "user_id": "harinath1314", "score": {"sample": {"0": {"execution_time": 0.33266615867614746, "passed": false}, "1": {"execution_time": 0.4174501895904541, "passed": false}, "2": {"execution_time": 0.3547251224517822, "passed": false}, "3": {"execution_time": 0.34366416931152344, "passed": false}, "4": {"execution_time": 0.35591793060302734, "passed": false}, "5": {"execution_time": 0.33385515213012695, "passed": true}, "6": {"execution_time": 0.31875085830688477, "passed": true}, "7": {"execution_time": 0.32645297050476074, "passed": false}, "8": {"execution_time": 0.3235628604888916, "passed": true}, "9": {"execution_time": 0.33460283279418945, "passed": false}, "10": {"execution_time": 0.316713809967041, "passed": true}, "11": {"execution_time": 0.33439207077026367, "passed": false}}}, "check_style_score": "0/1"}