{"version": "1", "message": "ERROR: Hidden Testcases server unreachable.", "problem_id": "ads2_m6_a1_1", "user_id": "harinath1314", "score": {"sample": {"0": {"execution_time": 0.3325679302215576, "passed": false}, "1": {"execution_time": 0.3426649570465088, "passed": false}, "2": {"execution_time": 0.3111739158630371, "passed": false}, "3": {"execution_time": 0.338878870010376, "passed": false}, "4": {"execution_time": 0.32714200019836426, "passed": false}, "5": {"execution_time": 0.3224940299987793, "passed": false}, "6": {"execution_time": 0.3361179828643799, "passed": true}, "7": {"execution_time": 0.3137178421020508, "passed": false}, "8": {"execution_time": 0.3153049945831299, "passed": true}, "9": {"execution_time": 0.31241607666015625, "passed": false}, "10": {"execution_time": 0.31376004219055176, "passed": true}, "11": {"execution_time": 0.3203318119049072, "passed": false}}}, "check_style_score": "0/1"}