{"version": "1", "message": "ERROR: Hidden Testcases server unreachable.", "problem_id": "ads2_m6_a1_1", "user_id": "harinath1314", "score": {"sample": {"0": {"execution_time": 0.31470394134521484, "passed": false}, "1": {"execution_time": 0.3190770149230957, "passed": false}, "2": {"execution_time": 0.3258359432220459, "passed": false}, "3": {"execution_time": 0.3389711380004883, "passed": false}, "4": {"execution_time": 0.32834291458129883, "passed": false}, "5": {"execution_time": 0.34718894958496094, "passed": true}, "6": {"execution_time": 0.3243849277496338, "passed": true}, "7": {"execution_time": 0.3394739627838135, "passed": false}, "8": {"execution_time": 0.32397890090942383, "passed": true}, "9": {"execution_time": 0.3326859474182129, "passed": false}, "10": {"execution_time": 0.32207512855529785, "passed": true}, "11": {"execution_time": 0.3401000499725342, "passed": false}}}, "check_style_score": "0/1"}