{"version": "1", "message": "ERROR: Hidden Testcases server unreachable.", "problem_id": "ads2_m6_a1_1", "user_id": "harinath1314", "score": {"sample": {"0": {"execution_time": 0.3773350715637207, "passed": false}, "1": {"execution_time": 0.3530890941619873, "passed": false}, "2": {"execution_time": 0.32280707359313965, "passed": false}, "3": {"execution_time": 0.3296539783477783, "passed": false}, "4": {"execution_time": 0.3280830383300781, "passed": false}, "5": {"execution_time": 0.3386509418487549, "passed": false}, "6": {"execution_time": 0.3290708065032959, "passed": true}, "7": {"execution_time": 0.3103752136230469, "passed": false}, "8": {"execution_time": 0.3312258720397949, "passed": false}, "9": {"execution_time": 0.3309340476989746, "passed": false}, "10": {"execution_time": 0.32660698890686035, "passed": true}, "11": {"execution_time": 0.42561888694763184, "passed": false}}}, "check_style_score": "0/1"}