{"version": "1", "message": "ERROR: Hidden Testcases server unreachable.", "problem_id": "ads2_m6_a1_1", "user_id": "harinath1314", "score": {"sample": {"0": {"execution_time": 0.3334479331970215, "passed": false}, "1": {"execution_time": 0.33465027809143066, "passed": false}, "2": {"execution_time": 0.3553018569946289, "passed": false}, "3": {"execution_time": 0.3336939811706543, "passed": false}, "4": {"execution_time": 0.34671688079833984, "passed": false}, "5": {"execution_time": 0.355043888092041, "passed": false}, "6": {"execution_time": 0.3754899501800537, "passed": true}, "7": {"execution_time": 0.36573290824890137, "passed": false}, "8": {"execution_time": 0.3595719337463379, "passed": false}, "9": {"execution_time": 0.34857892990112305, "passed": false}, "10": {"execution_time": 0.3286740779876709, "passed": true}, "11": {"execution_time": 0.34436607360839844, "passed": false}}}, "check_style_score": "0/1"}