{"version": "1", "message": "ERROR: Hidden Testcases server unreachable.", "problem_id": "ads2_m6_a1_1", "user_id": "harinath1314", "score": {"sample": {"0": {"execution_time": 0.3222649097442627, "passed": false}, "1": {"execution_time": 0.3325307369232178, "passed": false}, "2": {"execution_time": 0.3212459087371826, "passed": false}, "3": {"execution_time": 0.3299438953399658, "passed": false}, "4": {"execution_time": 0.31760573387145996, "passed": false}, "5": {"execution_time": 0.3533649444580078, "passed": false}, "6": {"execution_time": 0.31633901596069336, "passed": true}, "7": {"execution_time": 0.3295271396636963, "passed": false}, "8": {"execution_time": 0.31926512718200684, "passed": true}, "9": {"execution_time": 0.3208272457122803, "passed": true}, "10": {"execution_time": 0.3385341167449951, "passed": true}, "11": {"execution_time": 0.34366798400878906, "passed": false}}}, "check_style_score": "0/1"}