{"version": "1", "message": "ERROR: Hidden Testcases server unreachable.", "problem_id": "ads2_m6_a1_1", "user_id": "harinath1314", "score": {"sample": {"0": {"execution_time": 0.35697412490844727, "passed": false}, "1": {"execution_time": 0.34441304206848145, "passed": false}, "2": {"execution_time": 0.37782812118530273, "passed": false}, "3": {"execution_time": 0.35199522972106934, "passed": false}, "4": {"execution_time": 0.32509589195251465, "passed": false}, "5": {"execution_time": 0.3375129699707031, "passed": true}, "6": {"execution_time": 0.32720208168029785, "passed": true}, "7": {"execution_time": 0.3370330333709717, "passed": false}, "8": {"execution_time": 0.32477784156799316, "passed": true}, "9": {"execution_time": 0.3278820514678955, "passed": false}, "10": {"execution_time": 0.31902217864990234, "passed": true}, "11": {"execution_time": 0.33745408058166504, "passed": false}}}, "check_style_score": "0/1"}