{"version": "1", "message": "ERROR: Hidden Testcases server unreachable.", "problem_id": "ads2_m6_a1_1", "user_id": "harinath1314", "score": {"sample": {"0": {"execution_time": 0.313060998916626, "passed": false}, "1": {"execution_time": 0.315310001373291, "passed": false}, "2": {"execution_time": 0.3171870708465576, "passed": false}, "3": {"execution_time": 0.32209205627441406, "passed": false}, "4": {"execution_time": 0.32239413261413574, "passed": false}, "5": {"execution_time": 0.3230149745941162, "passed": false}, "6": {"execution_time": 0.30987071990966797, "passed": true}, "7": {"execution_time": 0.3200531005859375, "passed": false}, "8": {"execution_time": 0.31956934928894043, "passed": true}, "9": {"execution_time": 0.3195340633392334, "passed": true}, "10": {"execution_time": 0.308337926864624, "passed": true}, "11": {"execution_time": 0.3209238052368164, "passed": false}}}, "check_style_score": "0/1"}