{"version": "1", "message": "ERROR: Hidden Testcases server unreachable.", "problem_id": "ads2_m6_a1_1", "user_id": "harinath1314", "score": {"sample": {"0": {"execution_time": 0.3709101676940918, "passed": false}, "1": {"execution_time": 0.35628628730773926, "passed": false}, "2": {"execution_time": 0.3248438835144043, "passed": false}, "3": {"execution_time": 0.34665894508361816, "passed": false}, "4": {"execution_time": 0.32564711570739746, "passed": false}, "5": {"execution_time": 0.3234219551086426, "passed": false}, "6": {"execution_time": 0.3302452564239502, "passed": false}, "7": {"execution_time": 0.3457820415496826, "passed": false}, "8": {"execution_time": 0.32729291915893555, "passed": false}, "9": {"execution_time": 0.3323030471801758, "passed": false}, "10": {"execution_time": 0.32132816314697266, "passed": false}, "11": {"execution_time": 0.3381648063659668, "passed": false}}}, "check_style_score": "0/1"}