{"version": "1", "message": "ERROR: Hidden Testcases server unreachable.", "problem_id": "ads2_m6_a1_1", "user_id": "harinath1314", "score": {"sample": {"0": {"execution_time": 0.3195781707763672, "passed": false}, "1": {"execution_time": 0.32248401641845703, "passed": false}, "2": {"execution_time": 0.3329470157623291, "passed": false}, "3": {"execution_time": 0.334705114364624, "passed": false}, "4": {"execution_time": 0.3274660110473633, "passed": false}, "5": {"execution_time": 0.34393978118896484, "passed": true}, "6": {"execution_time": 0.32959699630737305, "passed": true}, "7": {"execution_time": 0.3216056823730469, "passed": false}, "8": {"execution_time": 0.3341491222381592, "passed": true}, "9": {"execution_time": 0.33358097076416016, "passed": false}, "10": {"execution_time": 0.3155829906463623, "passed": true}, "11": {"execution_time": 0.34210872650146484, "passed": false}}}, "check_style_score": "0/1"}