{"version": "1", "message": "ERROR: Hidden Testcases server unreachable.", "problem_id": "ads2_m6_a1_1", "user_id": "harinath1314", "score": {"sample": {"0": {"execution_time": 0.34337520599365234, "passed": false}, "1": {"execution_time": 0.34317898750305176, "passed": false}, "2": {"execution_time": 0.3469729423522949, "passed": false}, "3": {"execution_time": 0.3303511142730713, "passed": false}, "4": {"execution_time": 0.33155083656311035, "passed": false}, "5": {"execution_time": 0.35415196418762207, "passed": true}, "6": {"execution_time": 0.3230719566345215, "passed": true}, "7": {"execution_time": 0.37704992294311523, "passed": false}, "8": {"execution_time": 0.3458223342895508, "passed": true}, "9": {"execution_time": 0.336806058883667, "passed": false}, "10": {"execution_time": 0.32819199562072754, "passed": true}, "11": {"execution_time": 0.3393669128417969, "passed": false}}}, "check_style_score": "0/1"}