{"version": "1", "message": "ERROR: Hidden Testcases server unreachable.", "problem_id": "ads2_m4_a1_1", "user_id": "harinath1314", "score": {"sample": {"0": {"execution_time": 0.3114430904388428, "passed": true}, "1": {"execution_time": 0.35838985443115234, "passed": false}, "2": {"execution_time": 0.4588651657104492, "passed": false}, "3": {"execution_time": 0.4770779609680176, "passed": false}, "4": {"execution_time": 0.3075850009918213, "passed": false}, "5": {"execution_time": 0.31243276596069336, "passed": false}, "6": {"execution_time": 0.31491994857788086, "passed": false}, "7": {"execution_time": 0.33386969566345215, "passed": false}, "8": {"execution_time": 0.3215978145599365, "passed": true}, "9": {"execution_time": 0.25865983963012695, "passed": true}, "10": {"execution_time": 0.2728579044342041, "passed": true}, "11": {"execution_time": 0.3129911422729492, "passed": false}, "12": {"execution_time": 0.31746697425842285, "passed": false}, "13": {"execution_time": 2.051490068435669, "passed": false}, "14": {"execution_time": 0.2533900737762451, "passed": true}}}, "check_style_score": "0/1"}