{"version": "1", "message": "ERROR: Hidden Testcases server unreachable.", "problem_id": "ads2_m4_a1_1", "user_id": "harinath1314", "score": {"sample": {"0": {"execution_time": 0.317263126373291, "passed": true}, "1": {"execution_time": 0.29649996757507324, "passed": false}, "2": {"execution_time": 0.3318510055541992, "passed": false}, "3": {"execution_time": 0.36848926544189453, "passed": false}, "4": {"execution_time": 0.2546570301055908, "passed": false}, "5": {"execution_time": 0.46498990058898926, "passed": false}, "6": {"execution_time": 0.2758798599243164, "passed": false}, "7": {"execution_time": 0.2963879108428955, "passed": false}, "8": {"execution_time": 0.33899998664855957, "passed": true}, "9": {"execution_time": 0.25867581367492676, "passed": true}, "10": {"execution_time": 0.2572462558746338, "passed": true}, "11": {"execution_time": 0.2804758548736572, "passed": false}, "12": {"execution_time": 0.27318501472473145, "passed": false}, "13": {"execution_time": 2.329779863357544, "passed": false}, "14": {"execution_time": 0.2644379138946533, "passed": true}}}, "check_style_score": "0/1"}