{"version": "1", "message": "ERROR: Hidden Testcases server unreachable.", "problem_id": "ads2_m4_a1_1", "user_id": "harinath1314", "score": {"sample": {"0": {"execution_time": 0.3166320323944092, "passed": true}, "1": {"execution_time": 0.28017616271972656, "passed": false}, "2": {"execution_time": 0.3414449691772461, "passed": false}, "3": {"execution_time": 0.40240001678466797, "passed": false}, "4": {"execution_time": 0.27629780769348145, "passed": false}, "5": {"execution_time": 0.2758641242980957, "passed": false}, "6": {"execution_time": 0.28999805450439453, "passed": false}, "7": {"execution_time": 0.270845890045166, "passed": false}, "8": {"execution_time": 0.3345661163330078, "passed": true}, "9": {"execution_time": 0.27129292488098145, "passed": true}, "10": {"execution_time": 0.26883983612060547, "passed": true}, "11": {"execution_time": 0.28085780143737793, "passed": true}, "12": {"execution_time": 0.2536439895629883, "passed": true}, "13": {"execution_time": 1.539539098739624, "passed": false}, "14": {"execution_time": 0.2483510971069336, "passed": true}}}, "check_style_score": "0/1"}