{"version": "1", "message": "ERROR: Hidden Testcases server unreachable.", "problem_id": "ads2_m4_a1_1", "user_id": "harinath1314", "score": {"sample": {"0": {"execution_time": 0.3054327964782715, "passed": true}, "1": {"execution_time": 0.2981879711151123, "passed": false}, "2": {"execution_time": 0.3313000202178955, "passed": false}, "3": {"execution_time": 0.3674187660217285, "passed": false}, "4": {"execution_time": 0.26795291900634766, "passed": false}, "5": {"execution_time": 0.2577931880950928, "passed": false}, "6": {"execution_time": 0.2551608085632324, "passed": false}, "7": {"execution_time": 0.25489163398742676, "passed": false}, "8": {"execution_time": 0.31502699851989746, "passed": true}, "9": {"execution_time": 0.28372812271118164, "passed": true}, "10": {"execution_time": 0.2505948543548584, "passed": true}, "11": {"execution_time": 0.26299405097961426, "passed": false}, "12": {"execution_time": 0.32514190673828125, "passed": false}, "13": {"execution_time": 2.457202911376953, "passed": false}, "14": {"execution_time": 0.3428637981414795, "passed": true}}}, "check_style_score": "0/1"}