{"version": "1", "message": "ERROR: Hidden Testcases server unreachable.", "problem_id": "ads2_m4_a1_1", "user_id": "harinath1314", "score": {"sample": {"0": {"execution_time": 0.32234811782836914, "passed": true}, "1": {"execution_time": 0.29801392555236816, "passed": false}, "2": {"execution_time": 0.33576202392578125, "passed": false}, "3": {"execution_time": 0.3656919002532959, "passed": false}, "4": {"execution_time": 0.2577781677246094, "passed": false}, "5": {"execution_time": 0.2591400146484375, "passed": false}, "6": {"execution_time": 0.2515559196472168, "passed": false}, "7": {"execution_time": 0.2610759735107422, "passed": false}, "8": {"execution_time": 0.3047208786010742, "passed": true}, "9": {"execution_time": 0.25644803047180176, "passed": true}, "10": {"execution_time": 0.2513430118560791, "passed": true}, "11": {"execution_time": 0.24890613555908203, "passed": true}, "12": {"execution_time": 0.2504429817199707, "passed": true}, "13": {"execution_time": 1.6826260089874268, "passed": false}, "14": {"execution_time": 0.25125598907470703, "passed": true}}}, "check_style_score": "0/1"}