{"version": "1", "message": "ERROR: Hidden Testcases server unreachable.", "problem_id": "ads2_m4_a1_1", "user_id": "harinath1314", "score": {"sample": {"0": {"execution_time": 0.33917713165283203, "passed": true}, "1": {"execution_time": 0.238447904586792, "passed": false}, "2": {"execution_time": 0.2356550693511963, "passed": false}, "3": {"execution_time": 0.229417085647583, "passed": false}, "4": {"execution_time": 0.21979594230651855, "passed": false}, "5": {"execution_time": 0.23179125785827637, "passed": false}, "6": {"execution_time": 0.2357649803161621, "passed": false}, "7": {"execution_time": 0.22621798515319824, "passed": false}, "8": {"execution_time": 0.30675411224365234, "passed": true}, "9": {"execution_time": 0.2663302421569824, "passed": true}, "10": {"execution_time": 0.25246167182922363, "passed": true}, "11": {"execution_time": 0.22196197509765625, "passed": false}, "12": {"execution_time": 0.23779296875, "passed": false}, "13": {"execution_time": 0.2372117042541504, "passed": false}, "14": {"execution_time": 0.26999974250793457, "passed": false}}}, "check_style_score": "0/1"}