{"version": "1", "message": "ERROR: Hidden Testcases server unreachable.", "problem_id": "ads2_m4_a1_1", "user_id": "harinath1314", "score": {"sample": {"0": {"execution_time": 0.2987658977508545, "passed": false}, "1": {"execution_time": 0.22056221961975098, "passed": false}, "2": {"execution_time": 0.225510835647583, "passed": false}, "3": {"execution_time": 0.22236013412475586, "passed": false}, "4": {"execution_time": 0.21750807762145996, "passed": false}, "5": {"execution_time": 0.21900105476379395, "passed": false}, "6": {"execution_time": 0.2348799705505371, "passed": false}, "7": {"execution_time": 0.21864891052246094, "passed": false}, "8": {"execution_time": 0.26261210441589355, "passed": false}, "9": {"execution_time": 0.252943754196167, "passed": false}, "10": {"execution_time": 0.2538421154022217, "passed": false}, "11": {"execution_time": 0.21864891052246094, "passed": false}, "12": {"execution_time": 0.22360706329345703, "passed": false}, "13": {"execution_time": 0.2197880744934082, "passed": false}, "14": {"execution_time": 0.26062607765197754, "passed": false}}}, "check_style_score": "0/1"}