{"version": "1", "message": "ERROR: Hidden Testcases server unreachable.", "problem_id": "ads2_m4_a1_1", "user_id": "harinath1314", "score": {"sample": {"0": {"execution_time": 0.33190178871154785, "passed": true}, "1": {"execution_time": 0.3020939826965332, "passed": false}, "2": {"execution_time": 0.33063411712646484, "passed": false}, "3": {"execution_time": 0.39369702339172363, "passed": false}, "4": {"execution_time": 0.26802706718444824, "passed": false}, "5": {"execution_time": 0.2497563362121582, "passed": false}, "6": {"execution_time": 0.2819039821624756, "passed": false}, "7": {"execution_time": 0.265012264251709, "passed": false}, "8": {"execution_time": 0.30456995964050293, "passed": true}, "9": {"execution_time": 0.2565798759460449, "passed": true}, "10": {"execution_time": 0.2503020763397217, "passed": true}, "11": {"execution_time": 0.25173306465148926, "passed": true}, "12": {"execution_time": 0.2550978660583496, "passed": true}, "13": {"execution_time": 1.719923973083496, "passed": false}, "14": {"execution_time": 0.25482821464538574, "passed": true}}}, "check_style_score": "0/1"}