{"version": "1", "message": "ERROR: Hidden Testcases server unreachable.", "problem_id": "ads2_m4_a1_1", "user_id": "harinath1314", "score": {"sample": {"0": {"execution_time": 0.30676794052124023, "passed": true}, "1": {"execution_time": 0.293212890625, "passed": false}, "2": {"execution_time": 0.329481840133667, "passed": false}, "3": {"execution_time": 0.374683141708374, "passed": false}, "4": {"execution_time": 0.32367730140686035, "passed": false}, "5": {"execution_time": 0.29514312744140625, "passed": false}, "6": {"execution_time": 0.2904820442199707, "passed": false}, "7": {"execution_time": 0.2658860683441162, "passed": false}, "8": {"execution_time": 0.32900404930114746, "passed": true}, "9": {"execution_time": 0.25545382499694824, "passed": true}, "10": {"execution_time": 0.249068021774292, "passed": true}, "11": {"execution_time": 0.26949381828308105, "passed": true}, "12": {"execution_time": 0.25705885887145996, "passed": true}, "13": {"execution_time": 1.573227882385254, "passed": false}, "14": {"execution_time": 0.25623512268066406, "passed": true}}}, "check_style_score": "0/1"}