{"version": "1", "message": "ERROR: Hidden Testcases server unreachable.", "problem_id": "ads2_m4_a1_1", "user_id": "harinath1314", "score": {"sample": {"0": {"execution_time": 0.4031498432159424, "passed": true}, "1": {"execution_time": 0.2942347526550293, "passed": false}, "2": {"execution_time": 0.36290788650512695, "passed": false}, "3": {"execution_time": 0.3999521732330322, "passed": false}, "4": {"execution_time": 0.2754201889038086, "passed": false}, "5": {"execution_time": 0.27376604080200195, "passed": false}, "6": {"execution_time": 0.27059412002563477, "passed": false}, "7": {"execution_time": 0.2874937057495117, "passed": false}, "8": {"execution_time": 0.48961806297302246, "passed": true}, "9": {"execution_time": 0.2740471363067627, "passed": true}, "10": {"execution_time": 0.3172609806060791, "passed": true}, "11": {"execution_time": 0.27157020568847656, "passed": true}, "12": {"execution_time": 0.28789663314819336, "passed": true}, "13": {"execution_time": 1.7748699188232422, "passed": false}, "14": {"execution_time": 0.2825489044189453, "passed": true}}}, "check_style_score": "0/1"}