{"version": "1", "message": "ERROR: Hidden Testcases server unreachable.", "problem_id": "ads2_m4_a1_1", "user_id": "harinath1314", "score": {"sample": {"0": {"execution_time": 0.3690052032470703, "passed": true}, "1": {"execution_time": 0.32093024253845215, "passed": false}, "2": {"execution_time": 0.3785400390625, "passed": false}, "3": {"execution_time": 0.3974289894104004, "passed": false}, "4": {"execution_time": 0.28046107292175293, "passed": false}, "5": {"execution_time": 0.27569580078125, "passed": false}, "6": {"execution_time": 0.28200292587280273, "passed": false}, "7": {"execution_time": 0.2815122604370117, "passed": false}, "8": {"execution_time": 0.30923914909362793, "passed": true}, "9": {"execution_time": 0.26307010650634766, "passed": true}, "10": {"execution_time": 0.25345396995544434, "passed": true}, "11": {"execution_time": 0.2716219425201416, "passed": false}, "12": {"execution_time": 0.28472185134887695, "passed": false}, "13": {"execution_time": 1.5766940116882324, "passed": false}, "14": {"execution_time": 0.260296106338501, "passed": true}}}, "check_style_score": "0/1"}