{"version": "1", "message": "ERROR: Hidden Testcases server unreachable.", "problem_id": "ads2_m4_a1_1", "user_id": "harinath1314", "score": {"sample": {"0": {"execution_time": 0.327221155166626, "passed": true}, "1": {"execution_time": 0.31249308586120605, "passed": false}, "2": {"execution_time": 0.34006667137145996, "passed": false}, "3": {"execution_time": 0.36628007888793945, "passed": false}, "4": {"execution_time": 0.2504608631134033, "passed": false}, "5": {"execution_time": 0.25310182571411133, "passed": false}, "6": {"execution_time": 0.2636590003967285, "passed": false}, "7": {"execution_time": 0.25354909896850586, "passed": false}, "8": {"execution_time": 0.31493711471557617, "passed": true}, "9": {"execution_time": 0.26093006134033203, "passed": true}, "10": {"execution_time": 0.2521343231201172, "passed": true}, "11": {"execution_time": 0.2534189224243164, "passed": true}, "12": {"execution_time": 0.25472497940063477, "passed": true}, "13": {"execution_time": 1.603653907775879, "passed": false}, "14": {"execution_time": 0.24884676933288574, "passed": true}}}, "check_style_score": "0/1"}