{"version": "1", "message": "ERROR: Hidden Testcases server unreachable.", "problem_id": "ads2_m4_a1_1", "user_id": "harinath1314", "score": {"sample": {"0": {"execution_time": 0.3323502540588379, "passed": true}, "1": {"execution_time": 0.2971928119659424, "passed": false}, "2": {"execution_time": 0.3275289535522461, "passed": false}, "3": {"execution_time": 0.3847799301147461, "passed": false}, "4": {"execution_time": 0.2523338794708252, "passed": false}, "5": {"execution_time": 0.2552468776702881, "passed": false}, "6": {"execution_time": 0.27131199836730957, "passed": false}, "7": {"execution_time": 0.2662160396575928, "passed": false}, "8": {"execution_time": 0.318347692489624, "passed": true}, "9": {"execution_time": 0.3222801685333252, "passed": false}, "10": {"execution_time": 0.3353910446166992, "passed": false}, "11": {"execution_time": 0.26834702491760254, "passed": false}, "12": {"execution_time": 0.2698812484741211, "passed": false}, "13": {"execution_time": 1.365041971206665, "passed": false}, "14": {"execution_time": 0.31548309326171875, "passed": false}}}, "check_style_score": "0/1"}