{"version": "1", "message": "ERROR: Hidden Testcases server unreachable.", "problem_id": "ads2_m4_a1_1", "user_id": "harinath1314", "score": {"sample": {"0": {"execution_time": 0.37105894088745117, "passed": true}, "1": {"execution_time": 0.34697699546813965, "passed": false}, "2": {"execution_time": 0.3978259563446045, "passed": false}, "3": {"execution_time": 0.540863037109375, "passed": false}, "4": {"execution_time": 0.2922248840332031, "passed": false}, "5": {"execution_time": 0.2797398567199707, "passed": false}, "6": {"execution_time": 0.2730109691619873, "passed": false}, "7": {"execution_time": 0.4362187385559082, "passed": false}, "8": {"execution_time": 0.4018409252166748, "passed": true}, "9": {"execution_time": 0.25525903701782227, "passed": true}, "10": {"execution_time": 0.27300405502319336, "passed": true}, "11": {"execution_time": 0.37203502655029297, "passed": false}, "12": {"execution_time": 0.3271191120147705, "passed": false}, "13": {"execution_time": 2.1692447662353516, "passed": false}, "14": {"execution_time": 0.2920060157775879, "passed": true}}}, "check_style_score": "0/1"}