{"version": "1", "message": "ERROR: Hidden Testcases server unreachable.", "problem_id": "ads2_m4_a1_1", "user_id": "harinath1314", "score": {"sample": {"0": {"execution_time": 0.3269171714782715, "passed": true}, "1": {"execution_time": 0.3019261360168457, "passed": false}, "2": {"execution_time": 0.328326940536499, "passed": false}, "3": {"execution_time": 0.3584022521972656, "passed": false}, "4": {"execution_time": 0.2624320983886719, "passed": false}, "5": {"execution_time": 0.2557492256164551, "passed": false}, "6": {"execution_time": 0.27229785919189453, "passed": false}, "7": {"execution_time": 0.2531697750091553, "passed": false}, "8": {"execution_time": 0.3135709762573242, "passed": true}, "9": {"execution_time": 0.33656787872314453, "passed": false}, "10": {"execution_time": 0.31370973587036133, "passed": false}, "11": {"execution_time": 0.28750061988830566, "passed": true}, "12": {"execution_time": 0.2737419605255127, "passed": true}, "13": {"execution_time": 1.4538028240203857, "passed": false}, "14": {"execution_time": 0.3041820526123047, "passed": false}}}, "check_style_score": "0/1"}