{"version": "1", "message": "ERROR: Hidden Testcases server unreachable.", "problem_id": "ads2_m4_a1_1", "user_id": "harinath1314", "score": {"sample": {"0": {"execution_time": 0.30753278732299805, "passed": true}, "1": {"execution_time": 0.28781795501708984, "passed": false}, "2": {"execution_time": 0.3261690139770508, "passed": false}, "3": {"execution_time": 0.3741629123687744, "passed": false}, "4": {"execution_time": 0.25360608100891113, "passed": false}, "5": {"execution_time": 0.25435590744018555, "passed": false}, "6": {"execution_time": 0.250809907913208, "passed": false}, "7": {"execution_time": 0.25321412086486816, "passed": false}, "8": {"execution_time": 0.3036463260650635, "passed": true}, "9": {"execution_time": 0.25011587142944336, "passed": true}, "10": {"execution_time": 0.2529740333557129, "passed": true}, "11": {"execution_time": 0.2525768280029297, "passed": false}, "12": {"execution_time": 0.2632608413696289, "passed": false}, "13": {"execution_time": 1.6752030849456787, "passed": false}, "14": {"execution_time": 0.25080204010009766, "passed": true}}}, "check_style_score": "0/1"}