{"version": "1", "message": "ERROR: Hidden Testcases server unreachable.", "problem_id": "ads2_m4_a1_1", "user_id": "harinath1314", "score": {"sample": {"0": {"execution_time": 0.35981297492980957, "passed": true}, "1": {"execution_time": 0.30115604400634766, "passed": true}, "2": {"execution_time": 0.3572826385498047, "passed": true}, "3": {"execution_time": 0.39295172691345215, "passed": true}, "4": {"execution_time": 0.5702910423278809, "passed": true}, "5": {"execution_time": 0.5580389499664307, "passed": true}, "6": {"execution_time": 0.5905449390411377, "passed": true}, "7": {"execution_time": 0.5694410800933838, "passed": true}, "8": {"execution_time": 0.5879688262939453, "passed": true}, "9": {"execution_time": 0.4862546920776367, "passed": true}, "10": {"execution_time": 0.48947596549987793, "passed": true}, "11": {"execution_time": 0.49328088760375977, "passed": true}, "12": {"execution_time": 0.4802820682525635, "passed": true}, "13": {"execution_time": 2.994671106338501, "passed": true}, "14": {"execution_time": 0.5407450199127197, "passed": true}}}, "check_style_score": "1/1"}