{"version": "1", "message": "ERROR: Hidden Testcases server unreachable.", "problem_id": "ads2_m4_a1_1", "user_id": "harinath1314", "score": {"sample": {"0": {"execution_time": 0.32487916946411133, "passed": true}, "1": {"execution_time": 0.22054028511047363, "passed": false}, "2": {"execution_time": 0.22846698760986328, "passed": false}, "3": {"execution_time": 0.23184800148010254, "passed": false}, "4": {"execution_time": 0.2563960552215576, "passed": false}, "5": {"execution_time": 0.22603917121887207, "passed": false}, "6": {"execution_time": 0.22197604179382324, "passed": false}, "7": {"execution_time": 0.2237088680267334, "passed": false}, "8": {"execution_time": 0.26171374320983887, "passed": false}, "9": {"execution_time": 0.2707960605621338, "passed": true}, "10": {"execution_time": 0.3039531707763672, "passed": false}, "11": {"execution_time": 0.2214961051940918, "passed": false}, "12": {"execution_time": 0.22724580764770508, "passed": false}, "13": {"execution_time": 0.22118306159973145, "passed": false}, "14": {"execution_time": 0.2520029544830322, "passed": true}}}, "check_style_score": "0/1"}