{"version": "1", "message": "ERROR: Hidden Testcases server unreachable.", "problem_id": "ads2_m4_a1_1", "user_id": "harinath1314", "score": {"sample": {"0": {"execution_time": 0.3486647605895996, "passed": true}, "1": {"execution_time": 0.29654693603515625, "passed": false}, "2": {"execution_time": 0.34291791915893555, "passed": false}, "3": {"execution_time": 0.3839738368988037, "passed": false}, "4": {"execution_time": 0.2682220935821533, "passed": false}, "5": {"execution_time": 0.2562220096588135, "passed": false}, "6": {"execution_time": 0.2671489715576172, "passed": false}, "7": {"execution_time": 0.25701308250427246, "passed": false}, "8": {"execution_time": 0.31182098388671875, "passed": true}, "9": {"execution_time": 0.32973289489746094, "passed": false}, "10": {"execution_time": 0.30631399154663086, "passed": false}, "11": {"execution_time": 0.2520580291748047, "passed": false}, "12": {"execution_time": 0.27500319480895996, "passed": false}, "13": {"execution_time": 1.3191208839416504, "passed": false}, "14": {"execution_time": 0.3252682685852051, "passed": false}}}, "check_style_score": "0/1"}