{"version": "1", "message": "ERROR: Hidden Testcases server unreachable.", "problem_id": "ads2_m4_a1_1", "user_id": "harinath1314", "score": {"sample": {"0": {"execution_time": 0.36415624618530273, "passed": true}, "1": {"execution_time": 0.29640817642211914, "passed": false}, "2": {"execution_time": 0.3347182273864746, "passed": false}, "3": {"execution_time": 0.38245296478271484, "passed": false}, "4": {"execution_time": 0.28370189666748047, "passed": false}, "5": {"execution_time": 0.29952001571655273, "passed": false}, "6": {"execution_time": 0.2855648994445801, "passed": false}, "7": {"execution_time": 0.2533891201019287, "passed": false}, "8": {"execution_time": 0.3117389678955078, "passed": true}, "9": {"execution_time": 0.26015496253967285, "passed": true}, "10": {"execution_time": 0.25272107124328613, "passed": true}, "11": {"execution_time": 0.25187015533447266, "passed": false}, "12": {"execution_time": 0.25400495529174805, "passed": false}, "13": {"execution_time": 1.5775039196014404, "passed": false}, "14": {"execution_time": 0.2594599723815918, "passed": true}}}, "check_style_score": "0/1"}