{"version": "1", "message": "ERROR: Hidden Testcases server unreachable.", "problem_id": "ads2_m4_a1_1", "user_id": "harinath1314", "score": {"sample": {"0": {"execution_time": 0.25458598136901855, "passed": false}, "1": {"execution_time": 0.22173523902893066, "passed": false}, "2": {"execution_time": 0.227370023727417, "passed": false}, "3": {"execution_time": 0.22612619400024414, "passed": false}, "4": {"execution_time": 0.22384929656982422, "passed": false}, "5": {"execution_time": 0.2412247657775879, "passed": false}, "6": {"execution_time": 0.22262883186340332, "passed": false}, "7": {"execution_time": 0.23511695861816406, "passed": false}, "8": {"execution_time": 0.26340627670288086, "passed": false}, "9": {"execution_time": 0.25039100646972656, "passed": true}, "10": {"execution_time": 0.254410982131958, "passed": false}, "11": {"execution_time": 0.2316570281982422, "passed": false}, "12": {"execution_time": 0.22449421882629395, "passed": false}, "13": {"execution_time": 0.222578763961792, "passed": false}, "14": {"execution_time": 0.2555570602416992, "passed": true}}}, "check_style_score": "0/1"}