{"version": "1", "message": "ERROR: Hidden Testcases server unreachable.", "problem_id": "ads2_m4_a1_1", "user_id": "harinath1314", "score": {"sample": {"0": {"execution_time": 0.3065218925476074, "passed": true}, "1": {"execution_time": 0.2990288734436035, "passed": false}, "2": {"execution_time": 0.331392765045166, "passed": false}, "3": {"execution_time": 0.3840329647064209, "passed": false}, "4": {"execution_time": 0.26535606384277344, "passed": false}, "5": {"execution_time": 0.27397704124450684, "passed": false}, "6": {"execution_time": 0.2511940002441406, "passed": false}, "7": {"execution_time": 0.2517282962799072, "passed": false}, "8": {"execution_time": 0.3109152317047119, "passed": true}, "9": {"execution_time": 0.2578310966491699, "passed": true}, "10": {"execution_time": 0.26032304763793945, "passed": true}, "11": {"execution_time": 0.2507040500640869, "passed": true}, "12": {"execution_time": 0.25234317779541016, "passed": true}, "13": {"execution_time": 1.6478488445281982, "passed": false}, "14": {"execution_time": 0.24780511856079102, "passed": true}}}, "check_style_score": "0/1"}