{"version": "1", "message": "ERROR: Hidden Testcases server unreachable.", "problem_id": "ads2_m4_a1_1", "user_id": "harinath1314", "score": {"sample": {"0": {"execution_time": 0.3427910804748535, "passed": true}, "1": {"execution_time": 0.3132338523864746, "passed": false}, "2": {"execution_time": 0.4409821033477783, "passed": false}, "3": {"execution_time": 0.4094257354736328, "passed": false}, "4": {"execution_time": 0.2911679744720459, "passed": false}, "5": {"execution_time": 0.3505370616912842, "passed": false}, "6": {"execution_time": 0.3287830352783203, "passed": false}, "7": {"execution_time": 0.2826201915740967, "passed": false}, "8": {"execution_time": 0.33735203742980957, "passed": true}, "9": {"execution_time": 0.2948801517486572, "passed": true}, "10": {"execution_time": 0.30198097229003906, "passed": true}, "11": {"execution_time": 0.5804598331451416, "passed": false}, "12": {"execution_time": 0.46202874183654785, "passed": false}, "13": {"execution_time": 1.9235150814056396, "passed": false}, "14": {"execution_time": 0.2779402732849121, "passed": true}}}, "check_style_score": "0/1"}