{"version": "1", "message": "ERROR: Hidden Testcases server unreachable.", "problem_id": "ads2_m4_a1_1", "user_id": "harinath1314", "score": {"sample": {"0": {"execution_time": 0.3165879249572754, "passed": true}, "1": {"execution_time": 0.3661818504333496, "passed": false}, "2": {"execution_time": 0.46147704124450684, "passed": false}, "3": {"execution_time": 0.5144789218902588, "passed": false}, "4": {"execution_time": 0.32924437522888184, "passed": false}, "5": {"execution_time": 0.3396580219268799, "passed": false}, "6": {"execution_time": 0.31545591354370117, "passed": false}, "7": {"execution_time": 0.3144819736480713, "passed": false}, "8": {"execution_time": 0.3122701644897461, "passed": true}, "9": {"execution_time": 0.27631688117980957, "passed": true}, "10": {"execution_time": 0.2841918468475342, "passed": true}, "11": {"execution_time": 0.30452680587768555, "passed": false}, "12": {"execution_time": 0.331801176071167, "passed": false}, "13": {"execution_time": 2.041306972503662, "passed": false}, "14": {"execution_time": 0.253770112991333, "passed": true}}}, "check_style_score": "0/1"}