{"version": "1", "message": "ERROR: Hidden Testcases server unreachable.", "problem_id": "ads2_m4_a1_1", "user_id": "harinath1314", "score": {"sample": {"0": {"execution_time": 0.3180840015411377, "passed": true}, "1": {"execution_time": 0.3293030261993408, "passed": false}, "2": {"execution_time": 0.3753788471221924, "passed": false}, "3": {"execution_time": 0.3788480758666992, "passed": false}, "4": {"execution_time": 0.2758042812347412, "passed": false}, "5": {"execution_time": 0.27609896659851074, "passed": false}, "6": {"execution_time": 0.2775251865386963, "passed": false}, "7": {"execution_time": 0.27746105194091797, "passed": false}, "8": {"execution_time": 0.3092811107635498, "passed": true}, "9": {"execution_time": 0.270007848739624, "passed": true}, "10": {"execution_time": 0.2766399383544922, "passed": true}, "11": {"execution_time": 0.28134799003601074, "passed": false}, "12": {"execution_time": 0.28441596031188965, "passed": false}, "13": {"execution_time": 1.6055841445922852, "passed": false}, "14": {"execution_time": 0.24795222282409668, "passed": true}}}, "check_style_score": "0/1"}