{"version": "1", "message": "ERROR: Hidden Testcases server unreachable.", "problem_id": "ads2_m4_a1_1", "user_id": "harinath1314", "score": {"sample": {"0": {"execution_time": 0.3405492305755615, "passed": true}, "1": {"execution_time": 0.30536484718322754, "passed": false}, "2": {"execution_time": 0.3399059772491455, "passed": false}, "3": {"execution_time": 0.3597068786621094, "passed": false}, "4": {"execution_time": 0.271395206451416, "passed": false}, "5": {"execution_time": 0.27495408058166504, "passed": false}, "6": {"execution_time": 0.25466012954711914, "passed": false}, "7": {"execution_time": 0.25549793243408203, "passed": false}, "8": {"execution_time": 0.32373690605163574, "passed": true}, "9": {"execution_time": 0.27168917655944824, "passed": true}, "10": {"execution_time": 0.268359899520874, "passed": true}, "11": {"execution_time": 0.2757608890533447, "passed": true}, "12": {"execution_time": 0.27171897888183594, "passed": true}, "13": {"execution_time": 1.2876150608062744, "passed": false}, "14": {"execution_time": 0.2766561508178711, "passed": true}}}, "check_style_score": "0/1"}