{"version": "1", "message": "ERROR: Hidden Testcases server unreachable.", "problem_id": "ads2_m4_a1_1", "user_id": "harinath1314", "score": {"sample": {"0": {"execution_time": 0.3066260814666748, "passed": true}, "1": {"execution_time": 0.28647780418395996, "passed": false}, "2": {"execution_time": 0.329240083694458, "passed": false}, "3": {"execution_time": 0.37078094482421875, "passed": false}, "4": {"execution_time": 0.2492680549621582, "passed": false}, "5": {"execution_time": 0.2624688148498535, "passed": false}, "6": {"execution_time": 0.25233006477355957, "passed": false}, "7": {"execution_time": 0.2565741539001465, "passed": false}, "8": {"execution_time": 0.3081552982330322, "passed": true}, "9": {"execution_time": 0.25215601921081543, "passed": true}, "10": {"execution_time": 0.25011491775512695, "passed": true}, "11": {"execution_time": 0.25132226943969727, "passed": true}, "12": {"execution_time": 0.24863100051879883, "passed": true}, "13": {"execution_time": 1.6250522136688232, "passed": false}, "14": {"execution_time": 0.24694299697875977, "passed": true}}}, "check_style_score": "0/1"}