{"version": "1", "message": "ERROR: Hidden Testcases server unreachable.", "problem_id": "ads2_m4_a1_1", "user_id": "harinath1314", "score": {"sample": {"0": {"execution_time": 0.3188931941986084, "passed": true}, "1": {"execution_time": 0.29593873023986816, "passed": true}, "2": {"execution_time": 0.3535029888153076, "passed": true}, "3": {"execution_time": 0.39707112312316895, "passed": true}, "4": {"execution_time": 0.2821810245513916, "passed": true}, "5": {"execution_time": 0.280609130859375, "passed": true}, "6": {"execution_time": 0.2841219902038574, "passed": true}, "7": {"execution_time": 0.277097225189209, "passed": true}, "8": {"execution_time": 0.30266499519348145, "passed": true}, "9": {"execution_time": 0.25357913970947266, "passed": true}, "10": {"execution_time": 0.2512669563293457, "passed": true}, "11": {"execution_time": 0.2593369483947754, "passed": true}, "12": {"execution_time": 0.2500779628753662, "passed": true}, "13": {"execution_time": 1.4762470722198486, "passed": true}, "14": {"execution_time": 0.25134706497192383, "passed": true}}}, "check_style_score": "1/1"}