{"version": "1", "message": "ERROR: Hidden Testcases server unreachable.", "problem_id": "ads2_m4_a1_1", "user_id": "harinath1314", "score": {"sample": {"0": {"execution_time": 0.32428812980651855, "passed": true}, "1": {"execution_time": 0.3028419017791748, "passed": false}, "2": {"execution_time": 0.35149216651916504, "passed": false}, "3": {"execution_time": 0.36421680450439453, "passed": false}, "4": {"execution_time": 0.24811863899230957, "passed": false}, "5": {"execution_time": 0.26816606521606445, "passed": false}, "6": {"execution_time": 0.2672410011291504, "passed": false}, "7": {"execution_time": 0.26863980293273926, "passed": false}, "8": {"execution_time": 0.3205280303955078, "passed": true}, "9": {"execution_time": 0.29975295066833496, "passed": false}, "10": {"execution_time": 0.2996652126312256, "passed": false}, "11": {"execution_time": 0.25391197204589844, "passed": false}, "12": {"execution_time": 0.2570528984069824, "passed": false}, "13": {"execution_time": 1.3334052562713623, "passed": false}, "14": {"execution_time": 0.3031351566314697, "passed": false}}}, "check_style_score": "0/1"}