{"version": "1", "message": "ERROR: Hidden Testcases server unreachable.", "problem_id": "ads2_m4_a1_1", "user_id": "harinath1314", "score": {"sample": {"0": {"execution_time": 0.3189728260040283, "passed": true}, "1": {"execution_time": 0.22917795181274414, "passed": false}, "2": {"execution_time": 0.2534198760986328, "passed": false}, "3": {"execution_time": 0.23334193229675293, "passed": false}, "4": {"execution_time": 0.2372138500213623, "passed": false}, "5": {"execution_time": 0.23583602905273438, "passed": false}, "6": {"execution_time": 0.23947787284851074, "passed": false}, "7": {"execution_time": 0.238555908203125, "passed": false}, "8": {"execution_time": 0.3146538734436035, "passed": true}, "9": {"execution_time": 0.3216230869293213, "passed": false}, "10": {"execution_time": 0.30953288078308105, "passed": false}, "11": {"execution_time": 0.22442197799682617, "passed": false}, "12": {"execution_time": 0.24033617973327637, "passed": false}, "13": {"execution_time": 0.23398876190185547, "passed": false}, "14": {"execution_time": 0.3317909240722656, "passed": false}}}, "check_style_score": "0/1"}