{"version": "1", "message": "ERROR: Hidden Testcases server unreachable.", "problem_id": "ads2_m4_a1_1", "user_id": "harinath1314", "score": {"sample": {"0": {"execution_time": 0.31389594078063965, "passed": true}, "1": {"execution_time": 0.30427002906799316, "passed": false}, "2": {"execution_time": 0.3296210765838623, "passed": false}, "3": {"execution_time": 0.3796501159667969, "passed": false}, "4": {"execution_time": 0.26288509368896484, "passed": false}, "5": {"execution_time": 0.25032997131347656, "passed": false}, "6": {"execution_time": 0.26579928398132324, "passed": false}, "7": {"execution_time": 0.26080989837646484, "passed": false}, "8": {"execution_time": 0.312147855758667, "passed": true}, "9": {"execution_time": 0.26310300827026367, "passed": true}, "10": {"execution_time": 0.25800204277038574, "passed": true}, "11": {"execution_time": 0.25665807723999023, "passed": false}, "12": {"execution_time": 0.2630329132080078, "passed": false}, "13": {"execution_time": 1.799818992614746, "passed": false}, "14": {"execution_time": 0.4412522315979004, "passed": true}}}, "check_style_score": "0/1"}