{"version": "1", "message": "ERROR: Hidden Testcases server unreachable.", "problem_id": "ads2_m4_a1_1", "user_id": "harinath1314", "score": {"sample": {"0": {"execution_time": 0.34351491928100586, "passed": true}, "1": {"execution_time": 0.31590986251831055, "passed": false}, "2": {"execution_time": 0.3428921699523926, "passed": false}, "3": {"execution_time": 0.3778951168060303, "passed": false}, "4": {"execution_time": 0.2506859302520752, "passed": false}, "5": {"execution_time": 0.2527916431427002, "passed": false}, "6": {"execution_time": 0.2532780170440674, "passed": false}, "7": {"execution_time": 0.2526428699493408, "passed": false}, "8": {"execution_time": 0.2910032272338867, "passed": true}, "9": {"execution_time": 0.2513298988342285, "passed": true}, "10": {"execution_time": 0.2517268657684326, "passed": true}, "11": {"execution_time": 0.25188612937927246, "passed": false}, "12": {"execution_time": 0.2601358890533447, "passed": false}, "13": {"execution_time": 1.6231398582458496, "passed": false}, "14": {"execution_time": 0.296097993850708, "passed": true}}}, "check_style_score": "0/1"}