{"version": "1", "message": "ERROR: Hidden Testcases server unreachable.", "problem_id": "ads2_m4_a1_1", "user_id": "harinath1314", "score": {"sample": {"0": {"execution_time": 0.3288869857788086, "passed": true}, "1": {"execution_time": 0.3033900260925293, "passed": true}, "2": {"execution_time": 0.36366891860961914, "passed": true}, "3": {"execution_time": 0.39488887786865234, "passed": true}, "4": {"execution_time": 0.3459808826446533, "passed": true}, "5": {"execution_time": 0.3347971439361572, "passed": true}, "6": {"execution_time": 0.28893017768859863, "passed": true}, "7": {"execution_time": 0.282088041305542, "passed": true}, "8": {"execution_time": 0.3097670078277588, "passed": true}, "9": {"execution_time": 0.26813387870788574, "passed": true}, "10": {"execution_time": 0.26846814155578613, "passed": true}, "11": {"execution_time": 0.26624417304992676, "passed": true}, "12": {"execution_time": 0.30017709732055664, "passed": true}, "13": {"execution_time": 1.5263490676879883, "passed": true}, "14": {"execution_time": 0.2692728042602539, "passed": true}}}, "check_style_score": "1/1"}