{"version": "1", "message": "ERROR: Hidden Testcases server unreachable.", "problem_id": "ads2_m4_a1_1", "user_id": "harinath1314", "score": {"sample": {"0": {"execution_time": 0.31650304794311523, "passed": true}, "1": {"execution_time": 0.3049278259277344, "passed": false}, "2": {"execution_time": 0.3665919303894043, "passed": false}, "3": {"execution_time": 0.38003993034362793, "passed": false}, "4": {"execution_time": 0.2533578872680664, "passed": false}, "5": {"execution_time": 0.25374698638916016, "passed": false}, "6": {"execution_time": 0.2750997543334961, "passed": false}, "7": {"execution_time": 0.26775026321411133, "passed": false}, "8": {"execution_time": 0.34281325340270996, "passed": true}, "9": {"execution_time": 0.32256412506103516, "passed": false}, "10": {"execution_time": 0.32625389099121094, "passed": false}, "11": {"execution_time": 0.269974946975708, "passed": true}, "12": {"execution_time": 0.27176403999328613, "passed": true}, "13": {"execution_time": 1.3373780250549316, "passed": false}, "14": {"execution_time": 0.3294229507446289, "passed": false}}}, "check_style_score": "0/1"}